name,mentions,name_pos,cap_ratio,first_pct
Жон,4947,True,1.0,0.0
Арк,1626,True,1.0,0.1
Гримм,1044,True,1.0,0.0
Хейль,836,False,1.0,0.1
Вейл,822,False,1.0,0.1
Нора,753,False,0.99,0.6
Подобие,628,False,0.96,0.3
Кардин,548,True,1.0,0.4
Мистраль,543,False,1.0,0.3
Лай,493,False,1.0,0.6
Бикона,451,False,1.0,0.5
Озпин,416,False,1.0,0.5
Арка,393,False,0.96,0.0
Винчестер,370,True,1.0,0.4
Вайс,365,True,1.0,0.6
Шни,327,False,1.0,0.5
Академия,326,False,0.96,0.3
Сапфир,300,False,0.99,0.1
Пыль,292,False,0.86,0.6
Великий,283,False,0.77,0.1
Руби,283,True,1.0,0.6
Сафрон,268,True,1.0,0.1
Ансель,266,False,1.0,0.3
Война,238,False,0.62,0.1
Ремнант,238,False,1.0,0.0
Атлас,232,False,1.0,0.5
Ирис,222,False,1.0,0.6
Гудвич,202,False,1.0,0.5
Кроцеа,185,True,1.0,1.7
Морс,185,False,1.0,1.7
Янг,161,True,1.0,0.4
Вакуо,158,False,1.0,0.1
Ноэда,154,True,1.0,0.3
Арквиль,153,True,1.0,0.1
Райхан,150,True,1.0,0.4
Прорыв,150,False,0.92,0.1
Порт,139,False,0.95,0.5
Тибо,133,False,1.0,0.4
Роуз,133,False,1.0,0.6
Уитлить,129,False,1.0,0.5
Беовульф,127,True,1.0,1.5
Лаванда,127,False,0.98,0.1
Никос,127,False,1.0,0.6
Совет,122,False,0.76,0.4
Рокс,122,False,1.0,0.6
Клык,120,False,0.85,0.4
Луперк,119,False,1.0,0.7
Палач,118,False,0.95,1.4
Пирра,112,False,1.0,0.6
Адам,111,True,1.0,0.4
Терри,111,True,1.0,0.1
Глинда,110,True,1.0,0.5
Валькирия,110,False,1.0,0.6
Рен,107,False,1.0,0.6
Урицук,105,False,1.0,0.4
Мантло,104,False,1.0,0.1
Жанна,104,True,1.0,0.1
Дева,101,False,0.95,1.1
Жасмина,99,True,1.0,0.3
Меркьюри,98,True,1.0,0.4
Сяо,97,False,1.0,0.6
Лонг,97,False,1.0,0.6
Азэй,96,False,1.0,0.1
Питер,94,True,1.0,0.5
Баджер,91,True,1.0,0.7
Что-то,89,False,1.0,3.2
Юлиус,89,False,1.0,0.1
Мицуруга,88,False,1.0,0.4
Артур,88,True,1.0,0.1
Виолетта,87,True,1.0,0.1
Ален,86,True,1.0,0.7
Жонни,86,True,1.0,16.3
Волшебник,84,False,0.83,0.2
Николас,84,True,1.0,0.1
Скарлатина,83,False,1.0,0.1
Анна,83,True,1.0,0.1
Кто-то,83,False,1.0,2.8
Однако,81,False,0.7,0.8
Бламор,80,True,1.0,41.4
Жоэль,75,False,1.0,0.9
Сандор,74,True,1.0,0.5
Миядзав,73,False,1.0,0.4
Разве,73,False,0.63,1.7
Священный,73,False,0.65,0.9
Аргус,73,False,1.0,0.4
Северный,71,False,0.65,0.8
Гуй,69,False,1.0,0.1
Ахерон,69,True,1.0,0.7
Блэк,69,False,1.0,0.4
Санус,68,False,1.0,0.1
Ренни,68,False,1.0,17.3
Рой,67,True,0.88,0.3
Фея,67,False,1.0,0.1
Грей,66,True,1.0,0.4
Неужели,65,False,0.73,3.9
Адольф,65,True,1.0,0.5
Вельвет,63,False,1.0,0.4
Николь,63,True,1.0,0.1
Котт,63,True,0.98,0.1
Ведьма,63,False,0.98,1.2
Поход,62,False,0.75,0.9
Изумрудный,61,False,0.87,0.8
Логос,61,False,1.0,0.5
Корона,61,False,0.73,0.3
Витать,60,False,0.81,0.0
Эмбер,60,False,1.0,16.9
Невермор,59,False,0.98,3.4
Добряк,59,False,0.97,0.1
Гленна,59,True,1.0,0.1
Аям,58,False,1.0,0.3
Фестиваль,57,False,0.81,0.1
Изам,57,False,1.0,0.4
Русс,56,False,1.0,0.7
Эрик,56,True,1.0,0.4
Валленштейн,56,True,1.0,0.7
Уточнить,56,False,0.71,11.2
Бранвено,55,False,1.0,0.4
Лок,55,False,1.0,0.4
Голд,54,False,1.0,0.7
Мясник,54,False,0.96,0.1
Король-воин,54,False,1.0,1.2
Революция,51,False,0.98,1.3
Крикнуть,51,False,0.69,2.2
Жоном,51,False,1.0,2.7
Кроу,51,True,1.0,0.4
Астр,50,True,0.98,0.4
Иксор,49,False,1.0,0.5
Сильван,48,False,1.0,0.6
Филипп,48,True,1.0,0.5
Поинтересоваться,48,False,0.67,6.0
Извинить,47,False,0.71,3.6
Святой,47,False,0.63,0.8
Лупёрка,47,False,1.0,21.1
Нода,46,False,1.0,0.3
Легион,46,False,0.73,1.4
Вульф,45,True,1.0,0.4
Посвящение,45,False,0.98,0.5
Майра,45,False,1.0,0.1
Пижма,45,False,1.0,0.7
Патч,44,False,1.0,0.1
Ага,44,False,0.77,2.5
Гленко,44,True,1.0,41.2
Кайоша,44,False,1.0,0.3
Милость,44,False,0.81,42.1
Юстас,43,True,1.0,0.4
Церковь,43,False,0.61,0.8
Бранвена,42,False,1.0,0.4
Тор,42,False,1.0,0.7
Копа,42,False,1.0,0.7
Хейвена,41,False,1.0,1.3
Росит,41,False,1.0,0.6
Дюрана,41,False,1.0,0.3
Лао,41,False,1.0,0.4
Менаджери,40,False,1.0,4.8
Аис,40,True,1.0,0.7
Валуа,39,True,1.0,0.4
Ханако,39,True,1.0,0.3
Линь,39,False,1.0,0.4
Громобой,39,False,1.0,21.1
Озм,38,False,1.0,26.4
Озлюминать,38,False,1.0,1.2
Бранвен,37,True,1.0,10.4
Паук,37,False,0.77,0.6
Где-то,37,False,1.0,3.9
Аргилак,37,False,1.0,1.3
Паладин,37,False,0.64,51.7
Маршалл,36,True,1.0,24.6
Гильдия,36,False,0.95,13.3
Примечание,35,False,0.83,0.6
Империя,35,False,0.7,0.7
Нептун,35,True,1.0,0.3
Сильвер,34,True,1.0,0.5
Камбер,34,False,1.0,0.3
Айрон,34,True,1.0,0.4
Ами,34,True,1.0,0.7
Госпожа,33,False,0.87,0.6
Кожеед,33,False,1.0,0.9
Тюрби,32,True,1.0,34.9
Розалия,32,True,1.0,0.7
Блейк,32,False,1.0,0.4
Закричать,32,False,0.62,4.8
Амьен,31,False,1.0,0.3
Верховный,31,False,0.86,0.2
Старуха,31,False,0.63,1.4
Аран,31,True,1.0,0.6
Рудея,31,True,0.94,0.7
Андриаполь,31,False,1.0,5.6
Улыбчивый,31,False,0.78,0.1
Жак,31,True,1.0,0.5
Шейд,31,False,1.0,0.4
Ансельма,30,True,1.0,0.2
Тигриный,30,False,0.67,1.0
Рейвено,30,False,1.0,0.4
Рокса,30,False,1.0,18.9
Бланша,30,True,1.0,0.7
Урс,29,True,1.0,9.2
Арквильский,29,False,0.66,25.9
Робен,29,True,1.0,0.4
Семя,29,False,0.91,1.4
Салем,29,False,1.0,0.2
Милорд,28,False,0.82,1.4
Мортис,28,False,1.0,0.6
Некромант,28,False,0.97,1.3
Магнолия,28,False,1.0,0.5
Ангел,28,False,0.85,13.6
Солитас,28,True,1.0,0.7
Освободитель,27,False,1.0,0.1
Эллисон,27,True,1.0,0.7
Горький,27,True,0.44,1.4
Пьяница,27,False,1.0,0.2
Алтана,27,True,1.0,0.4
Блеквелла,26,True,1.0,0.7
Чума,26,False,0.84,0.2
Злобоглазый,26,False,1.0,1.4
Всезнайка,26,False,1.0,20.7
Клод,25,True,1.0,0.2
Аяна,25,True,1.0,0.3
Орион,25,True,1.0,0.7
Керри,25,True,1.0,0.6
Брум,25,False,1.0,0.5
Жаль,25,False,0.61,19.5
Хич,25,False,1.0,0.6
Погибель,25,False,0.83,1.0
Титан,25,False,0.81,0.3
Хейвено,24,False,1.0,0.3
Дворец,24,False,0.63,21.6
Понятно,24,False,0.63,16.7
Ублёкнуть,24,False,1.0,0.6
Аой,24,False,1.0,0.4
Вилли,24,True,1.0,0.7
Воскликнуть,24,False,0.69,4.1
Ахилл,23,True,1.0,41.4
Промышленный,23,False,0.74,0.4
Возмутиться,23,False,0.7,18.5
Омар,23,True,1.0,0.5
Манхилёд,23,False,1.0,17.4
Фулкс,23,False,1.0,0.4
Вента-си,23,False,1.0,1.2
Ублек,23,False,1.0,19.4
Анить,23,False,1.0,0.8
Корало,23,False,1.0,0.7
Белладонна,23,False,1.0,0.4
Лоран,23,True,1.0,0.3
Заря,22,False,0.73,53.7
Айронвуд,22,False,1.0,0.5
Повар,22,False,0.79,53.6
Иссоп,22,False,1.0,0.5
Сановник,22,False,0.96,0.5
Лицожевать,22,False,1.0,3.2
Степь,22,False,0.85,0.4
Воронья,22,False,0.88,0.4
Фенг,21,False,1.0,0.3
Божоля,21,True,1.0,0.5
Дитя,21,False,0.6,1.5
Люмен,21,False,1.0,98.7
Таурусый,20,False,1.0,0.4
Инквизитор,20,False,0.71,0.9
Морген,20,False,1.0,0.1
Богиня,20,False,0.87,0.2
Университет,20,False,1.0,0.4
Королева,20,False,0.69,1.4
Кнап,20,False,1.0,0.7
Гай,20,True,1.0,24.2
Роджер,20,True,1.0,0.5
Шимон,20,True,1.0,0.5
Лютик,19,False,0.95,0.7
Увы,19,False,0.66,11.5
Тракт,19,False,0.95,3.8
Сегментат,19,False,1.0,59.8
Цутигумо,19,False,1.0,12.9
Винтёр,19,False,1.0,0.5
Кай,19,True,1.0,59.8
Заорать,19,False,0.61,6.2
Жибер,19,False,1.0,0.4
Всё-таки,18,False,1.0,5.9
Рокк,18,False,1.0,0.7
Юзман,18,True,1.0,0.7
Голиаф,18,False,1.0,9.9
Флавий,18,True,1.0,0.4
Жалость,18,False,0.64,19.3
Зато,18,False,0.67,6.3
Блэквелла,18,True,1.0,21.3
Гарольд,18,True,1.0,0.2
Проповедник,18,False,0.69,0.8
Синанна,18,True,1.0,0.7
Адриан,18,True,1.0,0.1
Сакура,18,False,0.82,7.5
Вальдис,18,False,1.0,0.4
Ромул,18,True,1.0,1.0
Сольттер,18,False,1.0,49.2
Мантля,18,False,1.0,14.4
Рудеев,17,True,0.89,0.7
Георг,17,True,1.0,0.7
Ромулан,17,False,1.0,0.4
Клевер,17,False,1.0,0.4
Бранан,17,True,1.0,0.4
Одрия,17,False,1.0,0.9
Риддло,17,False,1.0,0.5
Тибор,17,True,1.0,0.2
Лиллиана,16,True,1.0,0.7
Главнокомандующий,16,False,0.84,8.7
Комплот,16,False,1.0,0.6
Аргонавт,16,False,1.0,0.3
Марсоль,16,False,1.0,0.4
Переспросить,16,False,0.64,6.8
Эйкхарт,16,False,1.0,0.5
Меровеять,16,False,1.0,0.2
Фэн,16,True,1.0,0.4
Лить,16,False,0.94,0.5
Элюар,16,False,1.0,0.5
Когда-то,16,False,1.0,3.3
Брест,16,False,1.0,0.5
Винч,16,False,1.0,1.1
Клео,16,True,1.0,0.1
Дагоберт,16,True,1.0,0.1
Патлатый,16,False,1.0,0.5
Чживан,15,True,1.0,58.2
Почему-то,15,False,1.0,1.9
Флоран,15,True,1.0,37.9
Элизиум,15,False,1.0,0.4
Итак,15,False,1.0,22.7
Купер,15,True,1.0,0.7
Храмный,15,False,1.0,1.1
Рявкнуть,15,False,0.79,1.6
Айся,15,True,1.0,0.7
Аркус,15,False,1.0,0.3
Остин,15,True,1.0,0.3
Шарм,15,False,0.94,0.5
Роанн,15,False,1.0,0.2
Клик,15,False,0.94,34.6
Гао,15,False,1.0,0.4
Сказочник,15,False,1.0,0.5
Редсмит,15,True,1.0,0.5
Ээээ,15,True,0.88,17.8
Дейси,14,False,1.0,0.6
Амаль,14,True,1.0,0.3
Праведный,14,False,0.93,0.8
Возрождение,14,False,0.67,0.6
Тора,14,False,1.0,18.8
Цитата,14,False,0.88,94.9
Рауль,14,True,1.0,0.3
Лорхан,14,False,1.0,42.7
Сан,14,False,0.74,0.3
Перси,14,False,1.0,0.7
Ришар,14,True,1.0,26.4
Пич,14,False,1.0,0.6
Луноход,14,False,1.0,0.8
Камп,14,False,1.0,65.3
Йоланда,14,True,1.0,0.5
Авгульфинг,14,False,1.0,1.1
Какой-то,14,False,1.0,2.2
Хан,14,False,1.0,58.5
Прогресс,14,False,0.61,0.4
Аларика,14,True,1.0,0.4
Пактоман,14,False,0.93,0.5
Арчибальд,13,True,1.0,0.3
Рем,13,True,1.0,24.6
Шиный,13,False,1.0,0.4
Рудейский,13,False,0.87,0.7
Бурка,13,False,1.0,1.4
Нэнси,13,True,1.0,0.3
Луперкома,13,False,1.0,33.6
Мишель,13,True,1.0,0.3
Цветной,13,False,0.81,1.3
Фиакр,13,False,1.0,0.4
Императорский,13,False,0.62,3.8
Алон,13,True,1.0,2.4
Грис,13,False,1.0,0.4
Синеглазый,13,False,1.0,0.9
Клемент,13,True,1.0,53.9
Вейлом,13,False,1.0,0.8
Эдельвейс,12,False,1.0,0.5
Крысиный,12,False,0.92,53.6
Арнольд,12,True,1.0,0.4
Лиана,12,False,0.6,0.7
Росся,12,True,1.0,0.7
Куроюри,12,True,1.0,5.2
Вопросить,12,False,0.8,8.8
Туба,12,False,1.0,24.6
Благодарить,12,False,0.63,4.0
Илька,12,False,1.0,0.5
Архивариус,12,False,0.92,55.1
Портовый,12,False,0.86,64.4
Соляный,12,False,0.92,39.9
Амьенский,12,False,0.92,0.5
Когорта,12,False,0.63,1.5
Лока,12,False,1.0,30.5
Бунжер,12,False,1.0,0.7
Цезарий,12,True,1.0,1.0
Леонхарт,12,False,1.0,1.3
Волкоести,11,False,1.0,72.2
Базиля,11,True,1.0,0.5
Пакт,11,False,1.0,48.1
Мавить,11,False,1.0,0.7
Ундэс,11,False,1.0,0.4
Коко,11,False,1.0,0.7
Альянс,11,False,0.61,0.8
Базилио,11,True,1.0,0.5
Дюрфора,11,False,1.0,0.3
Джунгли,11,False,0.69,2.1
Мэдок,11,False,1.0,0.4
Ловчий,11,False,0.92,4.1
Люкс,11,False,1.0,0.3
Ноктюрн,11,False,1.0,0.4
Гир,11,False,1.0,42.3
Марш,11,False,0.61,1.0
Безмолвствовать,11,False,0.92,38.3
Ресурениум,11,False,1.0,1.1
Кэндзь,11,False,1.0,0.4
Малус,11,False,1.0,1.1
Сирота,11,False,0.61,0.4
Сафи,11,False,1.0,14.7
Роудж,10,True,1.0,0.5
Воронь,10,False,1.0,60.1
Мак,10,False,0.77,25.7
Корвальда,10,True,1.0,0.2
Джекалоп,10,False,1.0,0.8
Шастр,10,True,1.0,59.3
Околдовать,10,False,1.0,1.1
Кенич,10,True,1.0,0.4
Победоносный,10,False,0.83,0.6
Шерлок,10,True,1.0,0.4
Сучжоу,10,False,1.0,3.6
Тайджито,10,False,1.0,17.6
Цецилия,10,True,1.0,0.5
Рейчел,10,False,1.0,0.3
Гвардия,10,False,0.62,24.4
Пирхельма,10,True,1.0,0.9
Скай,10,False,1.0,0.7
Рассесть,10,False,1.0,0.7
Наконец-то,10,False,1.0,16.7
Храмна,10,True,1.0,0.8
Арквилем,10,True,1.0,0.2
Барбатаска,9,False,1.0,3.4
Здравствуй,9,False,1.0,3.7
Одноглазый,9,False,0.64,64.1
Иконоборец,9,False,1.0,1.0
Бермандуа,9,True,1.0,1.1
Тая,9,True,0.9,70.5
Альфа,9,False,1.0,4.2
Гилла,9,True,1.0,32.9
Падший,9,False,0.82,42.3
Саф,9,False,1.0,4.6
Гриж,9,False,1.0,0.4
Фантом,9,False,1.0,40.2
Лунатик,9,False,1.0,21.0
Стронг,9,True,1.0,0.5
Кот,9,False,0.64,21.3
Охуеть,9,False,0.82,46.0
Грейсон,9,True,1.0,0.5
Хао,9,False,1.0,70.5
Домреми,9,True,1.0,37.6
Вебер,9,False,1.0,0.5
Гий,9,False,1.0,0.2
Здравствуйте,9,False,0.82,13.4
Раймонд,9,True,1.0,0.1
Ларк,9,True,1.0,0.7
Героиня,9,False,0.82,0.1
Гринг,9,False,1.0,5.7
Шафран,8,False,1.0,31.4
Рубин,8,False,1.0,0.6
Юзмана,8,False,1.0,21.9
Обжора,8,False,0.8,0.5
Ого,8,False,1.0,15.9
Саммера,8,False,1.0,43.2
Отбечь,8,False,0.89,21.7
Аркуса,8,False,1.0,0.3
Бофора,8,False,1.0,73.4
Железноногий,8,False,1.0,1.4
Пряный,8,False,0.89,31.4
Вейя,8,True,1.0,1.0
Олдос,8,False,1.0,0.9
Сиенна,8,True,1.0,4.7
Когда-нибудь,8,False,1.0,1.8
Стефан,8,True,1.0,0.1
Кина,8,False,1.0,0.4
Эдмунд,8,True,1.0,0.4
Морган,8,True,1.0,0.4
Макото,8,False,1.0,0.4
Доб,8,False,1.0,0.5
Блекторн,8,False,1.0,0.5
Люп,8,False,1.0,37.9
Гейст,8,False,1.0,0.8
Пол,8,True,0.06,7.3
Лео,8,True,1.0,0.2
Пригород,8,False,0.73,53.5
Доктрина,8,False,0.73,34.7
Дрейк,8,True,1.0,12.7
Флори,8,True,1.0,0.3
Каковой,8,False,0.67,3.5
Яоз,8,False,1.0,4.0
Конг,8,True,1.0,1.3
Айвить,8,False,1.0,46.6
Ансерия,8,False,1.0,0.4
Камилла,7,True,1.0,0.3
Мамор,7,True,1.0,0.4
Волкодав,7,False,0.7,0.1
Мица,7,False,1.0,0.9
Сельскохозяйственный,7,False,1.0,25.6
Грозный,7,True,0.16,1.3
Трюдо,7,False,1.0,1.3
Хьюберт,7,True,1.0,1.1
Генри,7,True,1.0,73.4
Хонора,7,False,1.0,0.3
Харлока,7,False,1.0,23.9
Сомнительно,7,False,0.78,23.4
Элиз,7,True,1.0,26.4
Диана,7,True,1.0,0.3
Пейн,7,True,1.0,1.3
Сольттерийский,7,False,1.0,0.9
Ирита,7,True,1.0,13.7
Дивизион,7,False,1.0,0.5
Берил,7,False,1.0,2.0
Витальский,7,False,1.0,12.3
Дитрих,7,True,1.0,47.0
Крушитель,7,False,1.0,0.5
Топорик,7,False,0.78,0.5
Концептуальный,7,False,1.0,76.0
Берингель,7,False,1.0,8.3
Адриана,7,True,1.0,16.3
Слышь,7,False,0.7,16.6
Блу,7,False,1.0,0.5
Флинт,7,False,1.0,0.5
Как-то,7,False,1.0,6.9
Кто-нибудь,7,False,1.0,1.9
Микстура,7,False,1.0,0.4
Северянин,7,True,0.41,43.0
Иветта,7,True,1.0,0.7
Роза,7,True,0.29,5.5
Глиндочка,7,False,1.0,81.3
Дэйся,6,True,1.0,31.3
Херово,6,False,0.86,4.0
Сапфировый,6,False,1.0,56.9
Таянг,6,True,1.0,55.9
Рейнджер,6,False,0.6,5.5
Аня,6,True,1.0,6.6
Реагирование,6,False,1.0,9.7
Серп,6,False,0.75,62.1
Харлок,6,True,1.0,54.2
Дюрфор,6,False,1.0,54.0
Сет,6,False,1.0,53.7
Чжу,6,False,1.0,30.3
Перри,6,False,1.0,1.3
Анне,6,True,1.0,3.5
Хаммерхольд,6,True,1.0,42.9
Леонардо,6,True,1.0,1.3
Ормана,6,False,1.0,10.7
Барбатаск,6,False,1.0,19.1
Гриммовщина,6,False,0.86,41.4
Лесник,6,False,0.86,20.6
Санктум,6,False,1.0,1.7
Изувер,6,False,0.86,1.5
Капитан-клятвопреступник,6,False,1.0,1.5
Дим,6,False,1.0,43.0
Гейтс,6,True,1.0,40.6
Кресента,6,True,1.0,16.7
Старец,6,False,0.75,21.2
Озанна,6,True,1.0,39.6
Кампа,6,False,1.0,65.3
Гийома,6,False,1.0,43.1
Илия,6,True,1.0,46.2
Форэ,6,False,1.0,68.5
Кицунэ,6,True,1.0,46.7
Вай-руйо,6,False,1.0,48.6
Вообще-то,6,False,1.0,16.8
Кастр,6,True,1.0,1.0
Гильда,6,True,1.0,0.6
Кагор,6,False,1.0,1.0
Андрастиан,6,True,1.0,0.5
Перекомандировка,6,False,1.0,87.1
Ларри,6,True,1.0,0.7
Розить,6,False,1.0,0.3
Теодор,6,True,1.0,0.4
Лоно,6,False,0.86,0.4
Карим,6,True,1.0,0.4
Пылев,6,True,0.32,0.5
Сенат,6,False,1.0,1.0
Уиллоу,6,True,1.0,0.5
Роберт,6,True,1.0,0.3
Муй,6,False,1.0,1.0
Пария,6,False,1.0,0.3
Флориан,6,True,1.0,0.3
Шеф,6,False,0.86,0.4
Джошуа,6,True,1.0,0.9
Киан,6,True,1.0,0.4
Эдея,6,True,1.0,0.6
Арбор,6,False,1.0,0.4
Фульва,6,False,1.0,0.4
Розенрота,6,False,1.0,0.5
Анант,6,True,1.0,0.6
Луи,6,True,1.0,0.3
Торчвика,6,False,1.0,0.5
Альба,6,False,1.0,79.4
Орманид,6,False,1.0,0.8
Силус,6,False,1.0,98.7
Пастух,6,False,0.86,98.5
Король-язычник,6,False,1.0,0.8
Николя,6,True,1.0,0.1
Бертольд,6,True,1.0,1.1
Юдо,6,False,1.0,0.2
Дага,6,False,1.0,0.8
Поджигатель,6,False,0.86,0.2
Бронзвинг,6,False,1.0,0.7
Аскарика,6,False,1.0,0.8
Озать,5,False,1.0,0.9
Скорпион,5,False,0.62,17.8
Кёнунгарда,5,False,1.0,47.8
Аргусов,5,True,0.83,15.3
Стальнояйцевый,5,False,1.0,77.3
Гримлэнд,5,False,1.0,49.4
Прорычать,5,False,0.71,67.5
Роксом,5,False,1.0,18.2
Мантикора,5,False,1.0,9.6
Альбина,5,True,1.0,0.4
Полендин,5,True,1.0,42.9
Иса,5,True,1.0,42.9
Озлема,5,False,1.0,3.6
Драконоубийца,5,False,1.0,45.0
Безмолствовать,5,False,1.0,0.9
Даг,5,False,1.0,0.8
Умбра,5,False,1.0,78.2
Спроул,5,False,1.0,0.5
Анти-аурный,5,False,1.0,46.1
Бальный,5,False,0.83,16.9
Алорна,5,True,1.0,0.9
Ганаус,5,True,1.0,0.5
Пенни,5,False,1.0,51.0
Олль,5,False,1.0,2.0
Тэнкэн,5,True,1.0,0.4
Джорь,5,False,1.0,0.2
Нуминор,5,False,1.0,0.3
Дзюйженя,5,True,1.0,0.7
Клермона,5,True,1.0,34.9
Траш,5,True,1.0,0.7
Бейфонг,5,False,1.0,60.0
Пер,5,False,1.0,24.6
Фенга,5,False,1.0,6.3
Охренеть,5,False,0.83,33.8
Гриммбит,5,False,1.0,97.7
Рон,5,True,1.0,0.3
Строитель,5,False,0.62,1.1
Джуниор,5,True,1.0,97.7
Взъяриться,5,False,0.62,6.2
Адель,5,True,1.0,0.7
Пов,5,True,0.83,72.2
Пиргос,5,False,1.0,30.7
Гастон,5,False,1.0,1.2
Глоссарий,5,False,0.71,0.0
Минекратос,5,True,1.0,0.4
Голдом,5,False,1.0,37.1
Волкоёб,5,False,1.0,81.4
Аоя,5,False,1.0,60.3
Веббер,5,False,1.0,93.0
Скарлета,5,True,1.0,0.3
Акрисия,5,True,1.0,0.7
Хань,5,False,1.0,7.0
Гоу,5,False,1.0,7.0
Сейдж,5,False,1.0,0.3
Дюнкер,5,False,1.0,0.5
Глинде,5,False,1.0,22.6
Кореландер,5,False,1.0,38.5
Азхар,5,True,1.0,0.3
Банни,4,True,1.0,0.5
Риччи,4,True,1.0,0.7
Цепной,4,False,0.67,12.4
Ричать,4,False,1.0,50.8
Молниеносный,4,False,0.67,9.0
Кэмпбелла,4,True,1.0,0.6
Леонкура,4,False,1.0,82.3
Безголовый,4,False,0.8,54.2
Ирма,4,True,1.0,57.9
Пугало,4,False,1.0,55.1
Карл,4,True,1.0,0.7
Сетцурый,4,False,1.0,48.1
Побочный,4,False,0.67,0.6
Алоис,4,True,1.0,1.2
Пента,4,True,1.0,47.0
Карт,4,True,1.0,41.1
Величество,4,False,1.0,40.7
Василиас,4,True,1.0,0.3
Гретхен,4,True,1.0,95.6
Бюффа,4,False,1.0,0.3
Пинь,4,False,1.0,21.8
Инь,4,False,1.0,21.8
Вайся,4,True,1.0,22.1
Ампер,4,False,1.0,0.3
Траша,4,False,1.0,22.8
Пиррой,4,True,1.0,35.1
Скарлетта-кнайта,4,True,1.0,96.7
Безэмоциональность,4,False,0.8,34.7
Пидорас,4,False,0.67,24.7
Уса,4,False,1.0,25.4
Ругге,4,False,1.0,31.8
Леопольд,4,True,1.0,0.2
Чуть-чуть,4,False,1.0,26.9
Гель,4,False,1.0,93.0
Момока,4,False,1.0,0.4
Мание,4,False,1.0,0.5
Элинор,4,True,1.0,41.2
Амитол,4,False,1.0,46.4
Топорный,4,False,0.8,45.4
Кандид,4,False,1.0,0.5
Юймина,4,False,1.0,16.3
Флорета,4,True,1.0,0.5
Ям,4,False,1.0,90.0
Блэкман,4,True,1.0,43.0
Барни,4,True,1.0,0.4
Антип,4,True,1.0,43.0
Куууурлааааа,4,False,1.0,17.3
Дур-дир,4,True,1.0,0.4
Бандзать,4,False,1.0,59.7
Финн,4,False,1.0,42.6
Шелли,4,True,1.0,42.6
Пересортировка,4,False,1.0,90.7
Лимор,4,False,1.0,92.5
Тирион,4,True,1.0,42.1
Бат,4,False,1.0,0.7
Адик,4,True,1.0,49.2
Эдгар,4,True,1.0,1.0
Лилиан,4,True,1.0,80.6
Графит,4,False,1.0,0.7
Геррик,4,True,1.0,1.2
Хлодвиг,4,False,1.0,1.1
Аква,4,False,1.0,0.7
Озирис,4,False,1.0,1.1
Алломунда,4,False,1.0,1.0
Шаманьон,4,False,1.0,72.6
Ало,4,True,1.0,77.9
Жон-жон,4,True,1.0,2.6
Бурок,4,False,1.0,61.4
Аспен,4,False,1.0,0.7
Копирайтер,4,False,1.0,1.5
Всепрощающий,4,False,1.0,1.4
Левиафан,4,False,1.0,66.1
Косматый,4,False,1.0,0.9
Гольстрим,4,False,1.0,67.9
Фатхи,4,True,1.0,0.7
Олений,4,False,0.8,1.2
Ахмар,4,True,1.0,63.9
Морриган,4,False,1.0,1.2
Дайчить,4,False,1.0,0.7
Здаров,4,True,1.0,72.6
Хай,4,False,1.0,1.0
Кромешник,4,False,1.0,67.2
Бэт,4,False,1.0,0.7
Алистер,4,True,1.0,0.7
Альф,4,True,1.0,4.2
Чернолесье,4,False,1.0,0.8
Тао,4,False,1.0,1.0
Маршал,4,False,0.67,0.7
Блосса,4,False,1.0,0.7
Царь-пастух,3,False,1.0,1.4
Завязаться,3,False,0.6,75.6
Белоснежок,3,False,1.0,17.1
Карди,3,True,1.0,65.9
Дук-тот,3,False,1.0,37.0
Форэйский,3,False,0.6,0.9
Лютериус,3,False,1.0,0.4
Афган,3,True,1.0,66.4
Горьковатый,3,False,0.75,65.2
Крол-роять,3,False,1.0,64.0
Септима,3,False,1.0,0.4
Инквизиция,3,False,1.0,72.8
Браный,3,False,1.0,0.8
Дейзи,3,False,1.0,79.5
Лей,3,False,1.0,0.3
Гримматизм,3,False,1.0,97.5
Коул,3,False,1.0,0.5
Собор,3,False,0.75,45.4
Гайкотс,3,True,1.0,1.3
Хрисаор,3,False,1.0,36.9
Алломунд,3,True,1.0,0.8
Астра,3,False,1.0,15.0
Вот-вот,3,False,1.0,15.1
Роуд,3,False,1.0,44.7
Кросс-континентальный,3,False,1.0,15.3
Гидра,3,False,1.0,0.3
Аркадий,3,True,1.0,35.1
Клермонский,3,False,0.75,1.8
Бикон,3,False,1.0,2.0
Запротестовать,3,False,1.0,20.8
Цугнус,3,False,1.0,0.4
Йонить,3,False,1.0,0.4
Сёгунат,3,False,1.0,0.9
Созыв,3,False,0.75,1.0
Миять,3,False,1.0,20.6
Филиппеть,3,False,1.0,0.9
Кукловод,3,False,1.0,68.5
Уууа,3,True,1.0,20.7
Майнсесть,3,False,1.0,41.0
Блэквэлла,3,True,1.0,19.7
Анти-титан,3,False,1.0,68.8
Жонни-бой,3,True,1.0,21.9
Ларка,3,False,1.0,21.0
Карамбира,3,False,1.0,69.0
Блеквелл,3,False,1.0,73.7
Флёр,3,False,0.6,0.3
Гриммолюб,3,False,1.0,1.5
Одзиг,3,False,1.0,39.3
Отцеубийца,3,False,0.6,41.9
Пеннат,3,False,1.0,0.4
Фууа,3,True,1.0,17.8
Эйвить,3,False,1.0,0.4
Глиссанда,3,True,1.0,1.0
Мечосечь,3,False,1.0,0.9
Лансер,3,True,1.0,75.3
Уэйв,3,False,1.0,0.5
Ривейра,3,True,1.0,0.9
Аним,3,False,1.0,1.0
Чернописец,3,False,1.0,42.3
Айронхайд,3,False,1.0,0.4
Фолл,3,False,1.0,42.3
Фауст,3,True,1.0,1.0
Синдёр,3,False,1.0,42.3
Фух,3,False,1.0,18.9
Лощина,3,False,1.0,42.2
Шиза,3,True,0.75,74.6
Жюля,3,True,1.0,0.3
Морожёнка,3,False,1.0,19.3
Тысячеглазый,3,False,1.0,0.9
Пиздабол,3,False,0.6,67.8
Аржан,3,True,1.0,0.5
Лже-император,3,False,1.0,1.0
Рыцарь-бандит,3,False,1.0,1.3
Николоть,3,False,1.0,1.2
Отдышаться,3,False,1.0,7.0
Аркон,3,False,1.0,57.1
Прореветь,3,False,0.75,61.5
Имбирь,3,False,1.0,0.6
Эктон,3,False,1.0,0.6
Вскричать,3,False,0.6,9.3
Заммера,3,False,1.0,0.5
Селестие,3,False,1.0,0.6
Нисколько,3,False,0.75,70.3
Кое-что,3,False,1.0,56.3
Пускай,3,False,0.75,32.4
Кицуна,3,True,1.0,0.6
Икар,3,True,1.0,0.6
Салями,3,False,1.0,55.3
Жан,3,True,1.0,72.0
Сфинкс,3,False,1.0,51.6
Автострада,3,False,1.0,51.6
Полюбопытствовать,3,False,0.75,30.4
Даная,3,True,1.0,0.7
Хиэй,3,False,1.0,7.8
Люблю-деньга,3,False,1.0,1.2
Похоть,3,False,0.75,55.1
Республика,3,False,0.75,1.1
Магнолий,3,True,1.0,52.1
Нынче,3,False,0.6,87.6
Оригинальный,3,False,0.75,53.1
Сюн,3,False,1.0,97.8
Чайка,3,True,0.43,53.6
Ченьциня,3,False,1.0,7.0
Искусительница,3,False,1.0,61.3
Орало,3,False,0.6,27.9
Кинни,3,True,1.0,26.8
Давненько,3,False,0.6,6.0
Фулев,3,False,1.0,87.6
Лола,3,True,1.0,0.5
Фокс,3,False,1.0,0.7
Гримм-динозавр,3,True,1.0,12.7
Прикрикнуть,3,False,0.75,4.4
Хмф,3,False,1.0,27.7
Джугэ,3,False,1.0,9.0
Яцухаша,3,False,1.0,0.7
Мореход,3,False,0.6,1.1
Носил-меч,3,False,1.0,0.7
Гриммов,3,True,1.0,12.6
Дов,3,True,1.0,0.7
Помимо,3,False,0.75,12.3
Дилетант,3,False,1.0,58.6
Ренары,3,False,1.0,0.5
Изумрудие,3,False,1.0,63.7
Мият,3,True,1.0,0.7
Гундобад,3,False,1.0,58.1
Руфус,3,False,1.0,0.6
Уил,3,False,1.0,49.1
Герберхаузер,3,False,1.0,49.1
Ченьцин,3,True,1.0,6.8
Тысячеликий,3,False,1.0,53.7
Гриммленд,3,False,1.0,0.7
Оберон,3,True,1.0,72.0
Сэтэр,3,False,1.0,62.7
Дать-ка,2,False,1.0,73.1
Хэй,2,False,1.0,34.0
Шанталя,2,True,1.0,98.7
Похвально,2,False,0.67,38.6
Виталик,2,True,1.0,38.9
Тогда-то,2,False,1.0,30.1
Бармаглот,2,False,1.0,29.4
Кроки,2,False,1.0,27.9
Здраствовать,2,False,0.67,95.6
Маркнола,2,False,1.0,27.8
Мориарти,2,True,1.0,27.7
Эйзенберг,2,True,1.0,95.6
Брюнетка,2,False,0.67,38.4
Сюй,2,False,1.0,69.3
Фуять,2,False,1.0,30.5
Простонать,2,False,1.0,72.9
Еле-еле,2,False,1.0,70.2
Лордство,2,False,0.67,35.1
Северо-восточный,2,False,1.0,35.1
Слепянка,2,True,1.0,96.6
Наездник,2,False,1.0,33.0
Именной,2,False,0.67,34.9
Крига,2,False,1.0,33.1
Акен,2,True,1.0,97.1
Столетний,2,False,0.67,35.2
Лотар,2,True,1.0,33.5
Амьенсковать,2,False,1.0,72.8
Сукин,2,False,0.67,97.7
Бомбочка,2,False,1.0,72.7
Агентура,2,False,1.0,34.6
Далее,2,False,0.67,34.5
Яшмовый,2,False,1.0,69.7
Ааааа,2,False,1.0,35.2
Фавн-медоед,2,False,1.0,35.3
Ректор,2,False,1.0,98.4
Злюка,2,False,1.0,37.6
Неотвратный,2,False,1.0,38.4
Бобёр,2,False,0.67,30.6
Поделом,2,False,1.0,31.2
Охохо,2,False,1.0,37.8
Сволочь,2,False,0.67,96.2
Превосходно,2,False,0.67,70.5
Обманщик,2,False,1.0,32.0
Крестовый,2,False,1.0,32.0
Вынуть,2,False,0.67,69.4
Вересковый,2,False,0.67,32.3
Малютка-кротовар,2,False,1.0,32.3
Манхильда,2,True,1.0,32.5
Молочай,2,False,1.0,32.6
Цветковый,2,False,1.0,32.8
Трансгрессия,2,False,1.0,36.3
Дюраном,2,False,1.0,36.0
Уайтер,2,False,1.0,59.3
Талмайя,2,True,1.0,42.9
Пейный,2,False,1.0,69.0
Тарный,2,False,1.0,86.8
Перепутать,2,False,0.67,51.4
Требовательно,2,False,0.67,51.2
Перевод,2,False,0.67,63.6
Заварка,2,False,1.0,50.3
Хей,2,False,1.0,49.5
Ёбаный,2,False,1.0,80.1
Элохим,2,False,1.0,86.4
Эбервельд,2,False,1.0,49.4
Маттиас,2,False,1.0,49.4
Пурпурный,2,False,0.67,48.9
Голодать,2,False,0.67,51.7
Леон,2,True,1.0,79.8
Повый,2,False,1.0,63.6
Угнать,2,False,1.0,63.9
Кёнунгардский,2,False,1.0,47.8
Кхрююк,2,True,1.0,47.0
Библа,2,True,1.0,47.0
Бра,2,False,1.0,87.7
Некромантовый,2,False,1.0,78.9
Пифия,2,False,1.0,78.6
Фульгур,2,False,1.0,86.4
Человек-вампир,2,False,1.0,51.8
Жертвенность,2,False,1.0,40.0
Заг-заг,2,False,1.0,82.8
Тудея,2,True,0.67,58.8
Жончик,2,True,1.0,58.7
Акимица,2,False,1.0,60.3
Теперь-то,2,False,1.0,58.3
Эйтый,2,False,1.0,60.3
Гримм-дракон,2,True,1.0,57.8
Курлааа,2,False,1.0,60.7
Хатт,2,False,1.0,56.7
Вырубать,2,False,0.67,82.4
Дон,2,True,1.0,55.3
Блуза,2,False,1.0,52.8
Рейко,2,False,1.0,61.6
Фабрис,2,True,1.0,54.6
Блекторный,2,False,1.0,80.2
Прорывный,2,False,1.0,61.8
Дотать,2,False,1.0,62.1
Нисуаз,2,False,1.0,53.6
Шапочка,2,False,1.0,83.3
Погибельный,2,False,1.0,83.4
Голь,2,False,0.67,63.6
Таксон,2,False,1.0,46.0
Альберия,2,True,1.0,88.1
Голубиный,2,False,1.0,45.4
Наёбщик,2,False,1.0,74.6
Яблочный,2,False,1.0,42.9
Тео,2,False,1.0,42.9
Повов,2,False,1.0,66.4
Вечеря,2,False,1.0,42.9
Всего-то,2,False,1.0,42.9
Ощутимый,2,False,0.67,90.1
Приютский,2,False,0.67,42.4
Пляжный,2,False,1.0,67.7
Майрмикодон,2,False,1.0,75.3
Вейв,2,False,1.0,42.2
Лев,2,True,0.22,78.4
Лазурный,2,False,1.0,68.0
Бета,2,False,1.0,42.0
Коп,2,False,1.0,92.7
Алорном,2,False,1.0,68.4
Безалаберность,2,False,0.67,68.5
Уничтожитель,2,False,1.0,93.8
Мертенэстера,2,True,1.0,27.1
Сердцелёд,2,True,1.0,95.0
Зигга,2,True,1.0,40.2
Холоднорукий,2,False,1.0,43.0
Внемлить,2,False,0.67,75.7
Сперва,2,False,0.67,65.2
Ролл,2,False,0.67,77.2
Грин,2,True,1.0,45.2
Вейл-бикон,2,False,1.0,45.0
Набережная,2,False,1.0,64.3
Уайт,2,True,1.0,44.9
Ланкастер,2,False,1.0,44.7
Агрессивно,2,False,0.67,44.3
Регна,2,False,1.0,78.2
Похвалиться,2,False,1.0,43.6
Лемурия,2,False,1.0,88.4
Писец,2,False,1.0,43.3
Момый,2,False,1.0,88.6
Гримленд,2,False,1.0,43.2
Золотоголовый,2,False,0.67,88.8
Узурпатор,2,False,0.67,88.8
Айровить,2,False,1.0,64.8
Сынов,2,False,0.67,89.0
Цезария,2,True,1.0,89.6
Зеус,2,False,1.0,43.1
Иван,2,True,1.0,89.9
Знаменосец,2,False,0.67,27.5
Ария,2,False,1.0,100.0
Багбар,2,False,1.0,0.8
Микайо,2,True,1.0,0.4
Магнус,2,True,1.0,1.1
Нет-нуть,2,False,1.0,5.1
Брунгильда,2,True,1.0,1.1
Рановато,2,False,0.67,5.4
Пфу,2,False,1.0,16.0
Стрёкот,2,False,1.0,5.5
Камберов,2,True,1.0,1.1
Вэй,2,False,1.0,0.4
Райнер,2,True,1.0,0.5
Алафрид,2,True,1.0,1.1
Девушка-фавн,2,False,1.0,23.8
Алкид,2,False,1.0,5.8
Риббенскауза,2,False,1.0,0.5
Фабия,2,True,1.0,0.4
Авгульф,2,True,1.0,1.1
Роситой,2,False,1.0,23.6
Девид,2,True,1.0,0.3
Камень-ножницы,2,False,1.0,5.1
Гримм-носорог,2,True,1.0,1.1
Клермоне,2,True,1.0,24.4
Оушный,2,False,1.0,0.3
Борис,2,True,1.0,9.7
Альбусы,2,False,1.0,0.3
Пинк,2,False,1.0,0.3
Длинноволосый,2,False,0.67,25.2
Морветур,2,False,1.0,0.8
Лейла,2,True,1.0,1.2
Винчестер-инквизитор,2,False,1.0,1.2
Озль,2,False,1.0,1.1
Хакк,2,False,1.0,0.5
Гиндукуш,2,False,1.0,9.5
Манжента,2,True,1.0,0.3
Укун,2,False,1.0,0.3
Золотоязыкий,2,False,1.0,0.8
Атаульф,2,True,1.0,0.8
Йормунг,2,False,1.0,0.8
Вестник,2,False,0.67,5.9
Женщина-лекарь,2,False,1.0,9.7
Багдади,2,True,1.0,0.5
Сайрусый,2,False,1.0,0.5
Гарнет,2,False,1.0,0.5
Абдуррахман,2,True,1.0,0.5
Рид,2,True,1.0,0.5
Ченьцинь,2,False,1.0,6.9
Халид,2,True,1.0,0.5
Кукольник,2,False,1.0,0.9
Ривейрский,2,False,0.67,0.9
Ноэд,2,True,1.0,8.0
Ибрахим,2,True,1.0,0.5
Сайф,2,False,1.0,0.5
Смотреть-ка,2,False,1.0,7.4
Вау,2,False,0.67,18.6
Дэйзи,2,False,1.0,0.5
Ральф,2,True,1.0,0.9
Фэй,2,False,1.0,7.1
Фарх,2,False,1.0,0.5
Свящёный,2,False,1.0,0.9
Урсоя,2,False,1.0,17.7
Джет,2,False,1.0,0.5
Что-нибудь,2,False,1.0,23.4
Арковскай,2,False,1.0,16.3
Слыш,2,False,1.0,6.2
Вип-вип,2,False,1.0,23.2
Алкида,2,True,1.0,1.0
Рассело,2,False,1.0,22.8
Пффф,2,False,1.0,22.7
Гуркул,2,True,1.0,1.0
Мадзина,2,True,0.22,7.8
Кира,2,True,1.0,1.0
Удачно,2,False,0.67,17.1
Морфей,2,True,1.0,17.1
Корвус,2,False,1.0,0.9
Зёрнышко,2,False,1.0,7.8
Ориген,2,False,1.0,0.8
Николаевич,2,True,1.0,9.7
Катана,2,True,0.08,7.2
Обетованный,2,False,1.0,1.4
Орман,2,True,1.0,0.8
Гритча,2,False,1.0,9.9
Братва,2,False,0.67,0.7
Конструктор,2,False,1.0,1.3
Ооо,2,False,1.0,2.2
Голденгифт,2,False,1.0,0.7
Офигеть,2,False,1.0,26.1
Янь-янить,2,False,1.0,26.1
Откашляться,2,False,0.67,10.0
Гриммовый,2,False,1.0,3.9
Зашелестеть,2,False,0.67,12.8
Новоявленный,2,False,1.0,1.4
Корабль-гримм,2,False,1.0,1.5
Братоубийца,2,False,1.0,0.2
Уайтереть,2,False,1.0,0.3
Котт-арк,2,True,1.0,0.1
Затараторить,2,False,1.0,1.5
Тайджитсу,2,False,1.0,3.4
Тьерри,2,True,1.0,0.1
Зверолюдов,2,True,1.0,1.5
Куда-то,2,False,1.0,10.2
Листопад,2,False,0.67,1.5
Брюзга,2,False,0.67,2.1
Эли,2,True,1.0,26.6
Хонор,2,False,1.0,0.3
Грендель,2,False,1.0,9.8
Морально,2,False,0.67,10.4
Рейнальда,2,True,1.0,1.3
Девятиглавый,2,False,1.0,0.3
Тестудо,2,True,1.0,4.1
Человек-фронт,2,False,1.0,1.3
Круассан,2,True,0.14,10.9
Анселить,2,False,1.0,1.3
Почтальон,2,False,0.67,14.3
Эрваный,2,False,1.0,1.9
Десятичасовой,1,False,1.0,77.2
Лорд-регент,1,False,1.0,77.2
Соновар,1,False,1.0,77.2
Грэм,1,True,1.0,81.2
Концепт,1,False,1.0,76.1
Пигга,1,True,1.0,81.2
Четырёхминутный,1,False,1.0,77.2
Гримм-титан,1,True,1.0,81.8
Ёбнутаить,1,False,1.0,76.1
Эво,1,False,1.0,77.3
Стометровый,1,False,1.0,81.8
Мохнатый,1,False,1.0,81.7
Оз,1,False,1.0,80.9
Моргана,1,False,1.0,81.4
Арковщина,1,False,1.0,81.6
Кэмпбэлла,1,True,1.0,77.0
Сноходец,1,False,1.0,0.7
Офигенный,1,False,1.0,76.2
Вархаммер,1,False,1.0,76.2
Норовщина,1,False,1.0,81.6
Мурлыкнуть,1,False,1.0,81.6
Учить-то,1,False,1.0,81.4
Абсолютлить,1,False,1.0,76.3
Она-то,1,False,1.0,76.3
Прововедник,1,False,1.0,0.8
Валлентштейн,1,True,1.0,81.4
Биконовский,1,False,1.0,81.4
Зеркальность,1,False,1.0,76.4
Родственник-охотник,1,False,1.0,76.5
Значит-ся,1,True,1.0,81.4
Манда,1,True,1.0,76.9
Мейбл,1,False,1.0,0.7
Аудиокнига,1,False,1.0,81.6
Статусный,1,False,1.0,79.1
Наружи,1,False,1.0,80.2
Вербовка,1,False,1.0,80.6
Фордж,1,False,1.0,78.3
Здар,1,False,1.0,79.5
Обшарпаный,1,False,1.0,78.0
Винегрет,1,False,1.0,78.0
Ганнибал,1,True,1.0,79.5
Регну,1,False,1.0,79.4
Флаера,1,True,0.5,78.2
Неа,1,False,1.0,79.4
Безвольный,1,False,1.0,79.3
Редакция,1,False,1.0,78.3
Брат-близнец,1,False,1.0,0.7
Трунить,1,False,1.0,79.2
Ласточка,1,False,1.0,78.6
Парадокс,1,False,1.0,79.2
Пятерица,1,False,1.0,79.1
Амьенскай,1,False,1.0,78.6
Непостижимо,1,False,1.0,78.7
Скоргус,1,False,1.0,0.8
Постареть,1,False,1.0,79.0
Сказ,1,False,1.0,78.0
Гриммотизм,1,False,1.0,78.0
Канцлер,1,False,1.0,77.9
Коленопреклонный,1,False,1.0,0.8
Гха-ха,1,False,1.0,80.5
Даб,1,False,1.0,80.4
Дживан,1,True,1.0,77.4
Истеричка,1,False,1.0,77.5
Тринадцатый,1,False,1.0,77.6
Риддлом,1,False,1.0,80.3
Иввета,1,True,1.0,0.7
Холостяк,1,False,1.0,77.9
Лог,1,False,1.0,80.1
Доба,1,False,1.0,80.1
Весёленький,1,False,1.0,80.1
Юлить,1,False,1.0,80.1
Погодить-ка,1,False,1.0,80.1
Скоропостижно,1,False,1.0,79.9
Король-что,1,False,1.0,0.7
Ретро-паладин,1,False,1.0,77.9
Доминатус,1,False,1.0,77.9
Коса-винтовка,1,False,1.0,27.2
Тургусов,1,True,0.09,74.3
Шварц,1,True,1.0,75.8
Близнец-самурай,1,False,1.0,1.3
Аркович,1,False,1.0,69.0
Пиздануться,1,False,1.0,69.0
Оклематься,1,False,1.0,69.0
Виталист-рудеист,1,False,1.0,69.0
Король-дурак,1,False,1.0,69.0
Валим,1,True,0.33,69.0
Оркскай,1,False,1.0,69.1
Михаил,1,True,1.0,69.1
Елизар,1,True,1.0,69.1
Чжан,1,True,1.0,69.3
Гримм-кракен,1,True,1.0,69.5
Классно,1,False,1.0,69.6
Карликовый,1,False,1.0,69.7
Хеметь,1,False,1.0,75.8
Гордость-то,1,False,1.0,69.9
Карман-то,1,False,1.0,69.9
Позорище-то,1,False,1.0,69.9
Сказать-ка,1,False,1.0,70.3
Некрополь,1,False,1.0,70.4
Пятёрица,1,False,1.0,1.2
Соблазнительница,1,False,1.0,1.2
Черчилль,1,True,1.0,70.6
Добряяяяк,1,False,1.0,70.7
Сэцукий,1,False,1.0,70.8
Джиро,1,False,1.0,70.8
Дедуля,1,False,1.0,70.9
Беспристрастный,1,False,1.0,69.0
Фавн-югенд,1,False,1.0,69.0
Лунозвёздный,1,False,1.0,69.0
Фуууа,1,True,1.0,68.8
Кое-как,1,False,1.0,66.7
Инкогнито,1,False,1.0,67.0
Директор-предатель,1,False,1.0,67.4
Клятвопреступник,1,False,1.0,67.5
Хлой,1,False,1.0,1.8
Имбовой,1,False,1.0,67.7
Воскресный,1,False,1.0,1.7
Ютубчик,1,True,1.0,67.7
Яндекс,1,False,1.0,67.7
Разоритель,1,False,1.0,67.7
Высокоуважаемый,1,False,1.0,67.7
Спец-опрос,1,False,1.0,1.6
Ваууа,1,True,1.0,67.8
Бьянка,1,True,1.0,1.6
Ленинград,1,False,1.0,1.6
Мечосека,1,False,1.0,68.3
Скоординировать,1,False,1.0,68.4
Лестничный,1,False,1.0,1.5
Гримм-волк,1,True,1.0,1.5
Фууууа,1,True,1.0,68.5
Вдохновенно,1,False,1.0,68.6
Дзюйжэнь,1,False,1.0,68.7
Нифгчего,1,False,1.0,68.7
Вейл-мистраль,1,False,1.0,68.8
Прива,1,True,1.0,68.8
Виоллета,1,False,1.0,70.9
Гиз,1,False,1.0,70.9
Охрененно,1,False,1.0,71.0
Зачинщик,1,False,1.0,73.6
Кореландор,1,True,1.0,74.3
Сатирический,1,False,1.0,74.3
Петиция,1,False,1.0,74.3
Гритч,1,False,1.0,81.9
Иго,1,False,1.0,74.3
Маркнолл,1,False,1.0,0.9
Морис,1,True,1.0,74.6
Дрюон,1,True,1.0,74.6
Фэя,1,False,1.0,75.0
Хромота,1,False,1.0,75.1
Мел,1,True,0.5,75.1
Угольно-чёрный,1,False,1.0,75.3
Сверхострый,1,False,1.0,75.3
Гундабад,1,True,1.0,0.9
Гримм-оса,1,True,1.0,75.3
Феррумский,1,False,1.0,75.4
Продаксить,1,False,1.0,75.6
Перволюд,1,False,1.0,75.6
Гримм-кролик,1,True,1.0,75.6
Сванна,1,False,1.0,75.6
Крамохол,1,False,1.0,75.7
Крахомор,1,False,1.0,75.7
Скоргуса,1,False,1.0,75.7
Румянеть,1,False,1.0,75.7
Светоч,1,False,1.0,75.8
Бофор,1,False,1.0,74.2
Щёлк,1,False,1.0,73.5
Миядзавыть,1,False,1.0,71.6
Пришествие,1,False,1.0,73.4
Аргос,1,False,1.0,71.8
Рай,1,False,1.0,72.0
Шотландия,1,False,1.0,72.2
Англия,1,False,1.0,72.2
Макдональд,1,True,1.0,72.2
Секс-террорист,1,False,1.0,72.2
Кенунградский,1,False,1.0,1.1
Блоссом,1,False,1.0,72.3
Бэта,1,True,1.0,72.3
Бэтом,1,True,1.0,72.3
Старикан,1,False,1.0,72.6
Перефразировать,1,False,1.0,72.6
Неспокойный,1,False,1.0,72.6
Дрейка,1,False,1.0,72.6
Лагуна,1,False,1.0,72.7
Блеквэлла,1,True,1.0,72.7
Обыскивать,1,False,1.0,72.8
Сегмантат,1,False,1.0,72.9
Бессмыслёный,1,False,1.0,73.0
Сольтерийский,1,False,1.0,1.0
Ломаю-спина,1,False,1.0,73.1
Собираюсь-сняться,1,False,1.0,73.1
Ричард,1,True,1.0,73.1
Субботний,1,False,1.0,73.1
Арк-рыцарь,1,True,1.0,73.2
Сов-гримм,1,True,1.0,81.9
Пфф,1,False,1.0,82.9
Козлоподобный,1,False,1.0,81.9
Скарлатин,1,True,1.0,96.4
Взаимно,1,False,1.0,94.1
Пиздануть,1,False,1.0,94.2
Нога-манипулятор,1,False,1.0,94.3
Дешёво,1,False,1.0,94.5
Ромулан-легио,1,False,1.0,94.7
Пенната,1,True,1.0,94.7
Судиться,1,False,1.0,94.8
Соно,1,False,1.0,94.8
Вар,1,False,1.0,94.8
Коррекция,1,False,1.0,95.0
Хохотун,1,False,1.0,95.0
Алекситимия,1,False,1.0,95.1
Плутократия,1,False,1.0,95.1
Принц-воин,1,False,1.0,95.1
Лорд-командующий,1,False,1.0,95.1
Талосый,1,False,1.0,95.2
Слейт,1,False,1.0,95.2
Талоса,1,False,1.0,95.2
Дудометр,1,False,1.0,95.6
Гриммовед,1,False,1.0,95.6
Ремнатскай,1,False,1.0,95.8
Фархад,1,True,1.0,95.9
Нибира,1,False,1.0,95.9
Атлантида,1,False,1.0,95.9
Вель,1,False,1.0,96.0
Родж,1,False,1.0,96.1
Переезжать,1,False,1.0,96.1
Дюрановый,1,False,1.0,96.3
Батрак,1,False,1.0,96.3
Кульминация,1,False,1.0,93.8
Попеременно,1,False,1.0,93.7
Бронза,1,False,1.0,93.6
Избраный,1,False,1.0,92.2
Сейберов,1,True,1.0,91.1
Тэрикс,1,True,1.0,91.1
Сенитавр,1,False,1.0,91.1
Обрадованно,1,False,1.0,91.1
Пшка,1,False,1.0,91.4
Настоящие,1,False,1.0,91.7
Кое-кто,1,False,1.0,91.7
Раставить,1,False,1.0,91.7
Город-улей,1,False,1.0,91.7
Железноногов,1,True,1.0,91.7
Нихуяс,1,False,1.0,91.9
Плоскодонка,1,False,1.0,92.1
Несмерть,1,False,1.0,92.2
Капсула,1,False,1.0,92.2
Накрутить,1,False,1.0,93.6
Мигрировать,1,False,1.0,92.4
Религиозно,1,False,1.0,92.5
Карамбир,1,False,1.0,92.5
Джу,1,True,1.0,0.4
Гримм-кит,1,True,1.0,92.5
Стальнояйцевой,1,False,1.0,92.7
Стерлинг,1,False,1.0,92.9
Обзаводиться,1,False,1.0,92.9
Гретель,1,True,1.0,93.0
Ауксилия,1,True,0.5,93.3
Погонщик,1,False,1.0,93.3
Гримм-грифон,1,True,1.0,93.3
Визора,1,True,0.06,93.4
Крысолов,1,False,1.0,96.4
Чудный,1,False,1.0,96.5
Прыгучий,1,False,1.0,81.9
Ночка,1,False,1.0,96.6
Привет-привет,1,False,1.0,98.4
Сломаный,1,False,1.0,98.5
Девятнацать,1,False,1.0,98.5
Ангульф,1,True,1.0,0.1
Добегаться,1,False,1.0,98.5
Курносый,1,False,1.0,98.5
Вследствие,1,False,1.0,0.1
Диспетчер,1,False,1.0,98.7
Хронология,1,False,1.0,0.0
Блэкома,1,False,1.0,98.7
Ауро-пользователь,1,True,1.0,98.8
Безутешный,1,False,1.0,99.1
Отравитель,1,False,1.0,99.3
Экарлета,1,True,1.0,99.4
Милль,1,False,1.0,99.5
Пока-пока,1,False,1.0,99.5
Вакуанка-жена,1,True,1.0,99.5
Карла,1,True,1.0,99.6
Подпольный,1,False,1.0,99.6
Секка,1,True,1.0,99.7
Зимородок,1,False,1.0,99.7
Кацид,1,False,1.0,99.7
Осипший,1,False,1.0,99.7
Пролистывать,1,False,1.0,99.8
Виоллетта,1,True,1.0,99.9
Шармочка,1,False,1.0,99.9
Меркохуюрий,1,True,1.0,99.9
Аурник,1,False,1.0,99.9
Темнить,1,False,1.0,99.9
Эдриан,1,True,1.0,98.3
Бери-бери,1,False,1.0,98.3
Шанталь,1,True,1.0,98.2
Роанна,1,True,1.0,97.3
Зверёк,1,False,1.0,96.7
Сине-белый,1,False,1.0,96.8
Мастеровой,1,False,1.0,96.8
Фурри,1,False,1.0,96.9
Архар,1,False,1.0,97.1
Дяденька,1,False,1.0,97.1
Гримм-барбатаск,1,True,1.0,0.3
Пожурить,1,False,1.0,97.2
Броский,1,False,1.0,97.2
Чтиво,1,False,1.0,97.2
Реваншист,1,False,1.0,97.2
Кёнунградский,1,False,1.0,97.2
Вальдемар,1,True,1.0,97.2
Королём-что,1,False,1.0,97.3
Дело-то,1,False,1.0,98.1
Схерали,1,True,0.5,97.4
Финансировать,1,False,1.0,0.2
Гриммофобия,1,False,1.0,97.5
Роевой,1,False,1.0,97.6
Гримм-паук,1,False,1.0,97.6
Гримм-скарабей,1,False,1.0,97.6
Гримм-таракан,1,False,1.0,97.6
Детожор,1,False,1.0,97.6
Хрома,1,False,1.0,0.2
Хронист,1,False,1.0,0.2
Файра,1,False,1.0,97.7
Фактический,1,False,1.0,0.1
Чей-то,1,False,1.0,97.9
Оооо,1,False,1.0,90.9
Торн,1,False,1.0,0.4
Хилый,1,False,1.0,90.7
Ник,1,True,1.0,90.6
Соблазнять,1,False,1.0,83.4
Сотворение,1,False,1.0,83.4
Пивнышко,1,False,1.0,83.4
Преподаватели-персонал,1,False,1.0,0.5
Ввернуть,1,False,1.0,83.6
Следовательно,1,False,1.0,83.8
Крит,1,False,1.0,83.8
Куба,1,False,1.0,84.0
Доигрывать,1,False,1.0,84.0
Мстительно,1,False,1.0,84.1
Йоу,1,False,1.0,84.3
Безрукий,1,False,1.0,84.3
Предводительница,1,False,1.0,84.3
Серцеед,1,False,1.0,84.4
Садистка-медсестра,1,False,1.0,84.6
Каштановолосый,1,False,1.0,84.7
Берсеркёр,1,False,1.0,84.7
Яр,1,False,1.0,84.8
Берсерк,1,False,1.0,84.8
Хольдхарт,1,False,1.0,84.9
Паукообразный,1,False,1.0,85.0
Кибербезопасность,1,False,1.0,85.0
Арквили,1,True,1.0,85.1
Гартополь,1,False,1.0,85.1
Скарра,1,False,1.0,85.1
Интерфейс,1,False,1.0,85.3
Симпотизировать,1,False,1.0,85.4
Тормунд,1,True,1.0,85.5
Уоттс,1,True,1.0,85.5
Фэнтезийный,1,False,1.0,83.3
Переигрывать,1,False,1.0,83.3
Майк,1,True,1.0,83.3
Чёртов,1,False,1.0,82.6
Пиздуть,1,False,1.0,81.9
Нолан,1,False,1.0,82.0
Анти-орда,1,False,1.0,82.1
Мауголь,1,False,1.0,82.1
Зимовать,1,False,1.0,82.1
Висп,1,False,1.0,82.2
Гренделить,1,False,1.0,82.2
Давать-давать,1,False,1.0,82.2
Запевать,1,False,1.0,82.3
Кале,1,False,1.0,82.3
Настоящий-то,1,False,1.0,82.3
Забелелисить,1,False,1.0,82.4
Сплетник,1,False,1.0,0.6
Пугач,1,False,1.0,82.6
Аполлон,1,True,1.0,83.3
Толстяк,1,False,1.0,82.6
Слушать-ка,1,False,1.0,82.6
Рудеть,1,False,1.0,82.7
Фальшиво-укоризненно,1,False,1.0,82.8
Полярность,1,False,1.0,0.6
Этот-то,1,False,1.0,82.9
Раскомандоваться,1,False,1.0,66.4
Хорнбург,1,True,1.0,82.9
Ваагха,1,True,1.0,82.9
Кольбен,1,True,0.17,83.0
Андрей,1,True,1.0,83.3
Драга,1,False,1.0,83.3
Академеть,1,False,1.0,0.6
Кэндзи-сан,1,False,1.0,85.7
Загорелый,1,False,1.0,85.8
Как-нибудь,1,False,1.0,85.8
Надрываться,1,False,1.0,89.3
Тысячеголосый,1,False,1.0,88.2
Гуркулом,1,False,1.0,88.5
Кэнтон,1,False,1.0,88.5
Диана-ветус,1,True,1.0,88.5
Обряжить,1,False,1.0,88.5
Бай,1,False,1.0,88.5
Дзян,1,True,1.0,88.6
Регне,1,False,1.0,88.6
Пыль-бомба,1,False,1.0,88.6
Югирэ,1,False,1.0,88.6
Небожитель,1,False,1.0,88.8
Рубс,1,False,1.0,89.0
Макет,1,False,1.0,89.0
Юнхей,1,True,0.5,89.3
Возглашать,1,False,1.0,87.9
Журналистка,1,False,1.0,89.8
Дугин,1,True,1.0,89.9
Ковчег,1,False,1.0,89.9
Элохой,1,False,1.0,89.9
Иудаизм,1,False,1.0,89.9
Славяно-арийский,1,False,1.0,90.0
Веда,1,False,1.0,90.0
Муз-пересказ,1,False,1.0,90.0
Ктулху,1,True,1.0,90.0
Римско-китайский,1,False,1.0,90.0
Исскуство,1,False,1.0,0.4
Намазать,1,False,1.0,90.3
Врё,1,False,1.0,90.5
Бравада,1,False,1.0,87.9
Вымыть,1,False,1.0,87.8
Высказывать,1,False,1.0,85.9
Амелия,1,False,1.0,86.8
Продекламировать,1,False,1.0,86.0
Старик-то,1,False,1.0,86.0
Гусем,1,False,1.0,86.0
Знать-знать,1,False,1.0,86.2
Вэя,1,False,1.0,86.3
Баллиста,1,False,1.0,86.4
Регны,1,False,1.0,86.4
Виртуса,1,False,1.0,86.4
Легионер-эвокат,1,False,1.0,86.5
Цзиньпинь,1,False,1.0,86.6
Каннибал,1,False,1.0,86.7
Гирка,1,False,1.0,86.7
Ленц,1,True,1.0,0.5
Исключительность,1,False,1.0,86.9
Спиздиля,1,True,0.5,87.7
Пенейт,1,False,1.0,87.0
Джеймс,1,True,1.0,0.5
Уцлцть,1,False,1.0,87.1
Равцть,1,False,1.0,87.1
Йсуб,1,False,1.0,87.1
Сосисочный,1,False,1.0,87.2
Кондей,1,False,1.0,87.2
Вак,1,False,1.0,87.3
Безопасник,1,True,1.0,87.6
Шрамировать,1,False,1.0,87.6
Изнеженный,1,False,1.0,87.6
Фть,1,False,1.0,87.6
Резчик,1,False,1.0,87.7
Индифферентный,1,False,1.0,66.6
Илан,1,True,1.0,2.5
Партийный,1,False,1.0,66.4
Воттс,1,True,1.0,42.9
Фавн-медуза,1,False,1.0,20.7
Добывание,1,False,1.0,20.4
Землетрясение,1,False,1.0,20.3
Кораблекрушение,1,False,1.0,20.3
Глазастый,1,False,1.0,41.4
Импровизация,1,False,1.0,20.2
Ловкач,1,False,1.0,20.1
Протяжно,1,False,1.0,41.5
Бог-близнец,1,False,1.0,41.7
Поцеловаться,1,False,1.0,20.0
Нхе,1,False,1.0,41.9
Балбес,1,False,1.0,19.8
Солнцепоклонник,1,False,1.0,19.7
Шуточно,1,False,1.0,19.3
Разговорчик,1,False,1.0,19.2
Унижать,1,False,1.0,19.1
Нецелесообразный,1,False,1.0,42.2
Воттсом,1,False,1.0,42.2
Задумчиво-скучать,1,False,1.0,18.9
Мегаголиаф,1,False,1.0,18.9
Гримм-черепаха,1,False,1.0,18.9
Жонни-лидер,1,True,1.0,18.4
Кууууурлааа,1,False,1.0,18.4
Зафыркать,1,False,1.0,18.2
Максим,1,True,1.0,17.9
Волков,1,True,0.2,42.7
Аяяяяять,1,False,1.0,17.9
Сытость,1,False,1.0,42.8
Пьетро,1,True,1.0,42.9
Приуныть,1,False,1.0,41.1
Хехех,1,True,0.5,20.9
Десять-пятнадцать,1,False,1.0,40.9
Ужесточить,1,False,1.0,39.8
Пистолет-автомат,1,False,1.0,23.4
Хооо,1,False,1.0,23.3
Довом,1,False,1.0,22.8
Протект,1,False,1.0,22.7
Хмпф,1,False,1.0,22.7
Подводник,1,False,1.0,38.6
Елейный,1,False,1.0,22.3
Лидер-бой,1,False,1.0,22.3
Вспылить,1,False,1.0,39.1
Дааа,1,False,1.0,21.5
Задаться,1,False,1.0,21.3
Озанном,1,False,1.0,39.6
Реквизировать,1,False,1.0,39.6
Прорекламировать,1,False,1.0,39.8
Йоландом,1,False,1.0,40.9
Рейтинг,1,False,1.0,21.3
Люксион,1,True,1.0,40.0
Гриммланда,1,True,1.0,21.3
Медяшка,1,False,1.0,21.1
Грубиянка,1,False,1.0,20.9
Возмутительный,1,False,1.0,40.6
Студент-первокурсник,1,False,1.0,40.6
Хмвф,1,False,1.0,20.9
Лидер-жонни,1,False,1.0,40.6
Договаривать,1,False,1.0,20.9
Замечтаться,1,False,1.0,40.7
Лаять,1,False,1.0,40.7
Фабрикация,1,False,1.0,40.8
Нехер,1,False,1.0,17.8
Гримье,1,False,1.0,17.7
Титаник,1,False,1.0,37.5
Ближний-дальний,1,False,1.0,17.6
Кнайта,1,True,1.0,44.9
Записной,1,False,1.0,14.7
Простить-простить,1,False,1.0,14.6
Крэга,1,True,1.0,45.0
Атласианец-турист,1,False,1.0,45.0
Боязливо-уважительный,1,False,1.0,45.1
Непентес,1,False,1.0,45.2
Престижно,1,False,1.0,14.6
Мальчик-фавн,1,False,1.0,45.2
Кофеварка,1,False,1.0,14.5
Идиллия,1,False,1.0,14.3
Автоответчик,1,False,1.0,45.5
Фулкса,1,False,1.0,45.6
Филча,1,False,1.0,45.7
Грисовый,1,False,1.0,45.8
Нахлебаться,1,False,1.0,14.1
Вручать,1,False,1.0,14.0
Окститься,1,False,1.0,14.0
Бечь,1,False,1.0,46.2
Мирт,1,False,1.0,13.7
Амитола,1,False,1.0,46.2
Калла,1,False,1.0,13.7
Старик-рыцарь,1,False,1.0,46.6
Дьявольский,1,False,1.0,46.6
Воссоединиться,1,False,1.0,13.2
Незаконченный,1,False,1.0,13.2
Ярко-рыжий,1,False,1.0,46.7
Так-так,1,False,1.0,46.7
Фавн-лисица,1,False,1.0,46.8
Коттам,1,False,1.0,14.8
Мистраль-ямагат,1,False,1.0,15.1
Бёккагард-хуанди,1,True,1.0,15.1
Лунг,1,False,1.0,43.2
Бетти,1,False,1.0,17.6
Обескуражить,1,False,1.0,17.4
Кууууурлааааа,1,False,1.0,17.4
Сноровистый,1,False,1.0,17.1
Кха-кх,1,False,1.0,16.9
Бомбический,1,False,1.0,16.8
Рукопашник,1,False,1.0,16.8
Ревнитель,1,False,1.0,43.0
Отчитать,1,False,1.0,16.6
Воанергес,1,True,1.0,43.1
Невдомёк,1,False,1.0,16.1
Прокл,1,True,1.0,16.0
Тайян,1,True,1.0,43.2
Гримм-паразит,1,False,1.0,43.3
Недотр,1,False,1.0,44.4
Зеуса,1,False,1.0,43.3
Блэкмоном,1,False,1.0,43.3
Росби,1,True,1.0,43.3
Гнутх,1,False,1.0,43.3
Аурной,1,True,0.2,43.6
Производственный,1,False,1.0,15.8
Дава,1,True,1.0,43.7
Пиглатский,1,False,1.0,44.0
Пепетан,1,False,1.0,44.0
Пельмовый,1,False,1.0,44.0
Свой-то,1,False,1.0,44.2
Воу-воу,1,False,1.0,15.2
Рассердиться,1,False,1.0,44.3
Тёмно-коричневый,1,False,1.0,37.6
Вауа,1,True,1.0,37.2
Хелли,1,True,1.0,2.0
Живучий,1,False,1.0,32.7
Возбудиться,1,False,1.0,26.3
Белёсый,1,False,1.0,30.6
Терикс,1,False,1.0,26.3
Экономически,1,False,1.0,30.7
Несерьёзно,1,False,1.0,30.8
Преклоняться,1,False,1.0,26.3
Вестфольд,1,True,1.0,31.3
Отчисляться,1,False,1.0,26.3
Бахт,1,False,1.0,31.3
Нееет,1,False,1.0,26.2
Арк-мэн,1,True,1.0,26.2
Мелькарта,1,False,1.0,31.7
Бранд,1,True,1.0,32.0
Ктический,1,False,1.0,26.1
Грэмми,1,False,1.0,32.1
Сколько-сколько,1,False,1.0,32.1
Сероглазый,1,False,1.0,32.2
Амфмпха,1,False,1.0,32.3
Маня,1,True,1.0,26.1
Киз,1,False,1.0,26.0
Щуриться,1,False,1.0,32.3
Совестно,1,False,1.0,32.4
Леий,1,False,1.0,26.0
Кладезь,1,False,1.0,25.9
Взбалмошный,1,False,1.0,25.8
Уйхууа,1,True,1.0,32.6
Ухудшать,1,False,1.0,32.6
Гримм-горилла,1,False,1.0,32.6
Формация,1,False,1.0,32.7
Нежеланный,1,False,1.0,26.4
Локо,1,False,1.0,30.5
Фавнолюба,1,True,1.0,26.5
Удручающий,1,False,1.0,28.0
Охнуть,1,False,1.0,27.4
Бабахнуть,1,False,1.0,27.5
Дабла-кила,1,True,1.0,27.1
Удрать,1,False,1.0,27.6
Спафибо,1,False,1.0,27.6
Лисёнок,1,False,1.0,27.7
Роу,1,False,1.0,27.1
Фавн-кролик,1,False,1.0,27.0
Инта,1,False,1.0,26.8
Общеизвестно,1,False,1.0,27.8
Инт,1,False,1.0,26.8
Вейл-почта,1,False,1.0,26.7
Вейлгрум,1,False,1.0,28.0
Вчетвёр,1,False,1.0,28.1
Блюменталь,1,False,1.0,26.6
Изв,1,False,1.0,28.2
Внучок,1,False,1.0,28.4
Кам,1,False,1.0,28.4
Ирландский,1,False,1.0,28.5
Разгрузиться,1,False,1.0,28.5
Смирить,1,False,1.0,29.3
Магфират,1,True,1.0,29.4
Блюй,1,False,1.0,26.7
Девочка-фавн,1,False,1.0,29.7
Вселенец,1,False,1.0,0.0
Ника,1,True,1.0,29.8
Кэт,1,False,1.0,26.6
Запихать,1,False,1.0,30.4
Воздушка,1,False,1.0,32.7
Всё-всё,1,False,1.0,32.7
Кхааа,1,False,1.0,37.2
Суматошный,1,False,1.0,32.8
Бот-лорд,1,False,1.0,34.7
Анти-гримм,1,True,1.0,34.9
Бёртс,1,True,1.0,24.3
Дарт,1,True,1.0,24.3
Вымывать,1,False,1.0,35.0
Хайден,1,True,1.0,24.2
Орболенный,1,False,1.0,24.2
Аркадия,1,False,1.0,35.1
Балдуин,1,False,1.0,24.2
Аластор,1,False,1.0,24.2
Аркадианский,1,False,1.0,35.2
Рониал,1,False,1.0,24.2
Экспедиционный,1,False,1.0,24.1
Добровольческий,1,False,1.0,24.1
Вычленить,1,False,1.0,35.7
Убойный,1,False,1.0,35.8
Шем,1,False,1.0,23.9
Трогай-бедный,1,False,1.0,36.0
Транш,1,False,1.0,36.1
Вай,1,False,1.0,36.2
Куууурлааа,1,False,1.0,36.3
Я-то,1,False,1.0,36.4
Четыре-пять,1,False,1.0,36.5
Аааа,1,False,1.0,36.5
Расцветить,1,False,1.0,36.7
Удивлёный,1,False,1.0,23.6
Дук,1,False,1.0,37.0
Универсалис,1,False,1.0,37.1
Неееть,1,False,1.0,23.5
Рабовладелец,1,False,1.0,34.7
Дедушка-кролик,1,False,1.0,24.4
Сойль,1,False,1.0,24.7
Несдать,1,False,1.0,25.3
Валленштайна,1,False,1.0,25.7
Морзе,1,False,1.0,32.8
Лавандовый,1,False,1.0,25.7
Колор,1,False,1.0,25.7
Кенуградский,1,False,1.0,33.1
Нобл,1,False,1.0,25.7
Врубиться,1,False,1.0,33.2
Льюис,1,True,1.0,33.3
Стивенсон,1,True,1.0,33.3
Мельница,1,False,1.0,33.3
Виталя,1,True,1.0,33.3
Что-что,1,False,1.0,25.4
Зелёнка,1,False,1.0,33.5
Отчуждённо,1,False,1.0,33.6
Построиться,1,False,1.0,34.6
Культурно,1,False,1.0,33.6
Лунатик-юзман,1,False,1.0,25.2
Пха,1,False,1.0,33.8
Солнышко,1,False,1.0,34.0
Генрих,1,True,1.0,34.3
Ройдех,1,True,1.0,34.3
Кавалерист,1,False,1.0,34.4
Трусишка,1,False,1.0,25.2
Таймер,1,False,1.0,34.6
Конвенция,1,False,1.0,34.6
Шарль,1,True,1.0,25.1
Вековечный,1,False,1.0,34.6
Карлица,1,False,1.0,24.9
Тазовый,1,False,1.0,13.0
Ребристый,1,False,1.0,13.0
Ооооо,1,False,1.0,47.0
Шлюхан,1,False,1.0,62.9
Так-то,1,False,1.0,59.9
Телеграмма,1,False,1.0,59.9
Хмм,1,False,1.0,5.5
Блатик,1,True,1.0,5.2
Коренастый,1,False,1.0,60.4
Резво,1,False,1.0,60.4
Рыцарь-ветеран,1,False,1.0,60.5
Деревня-крепость,1,False,1.0,60.5
Ури,1,False,1.0,60.7
Анс,1,True,1.0,60.7
Артобстрел,1,False,1.0,61.0
Фуян,1,True,1.0,61.1
Киана,1,False,1.0,61.2
Коленопреклонённый,1,False,1.0,61.3
Йэл,1,False,1.0,61.3
Звездоносный,1,False,1.0,61.3
Специфически,1,False,1.0,5.0
Хижина,1,False,1.0,61.3
Типично,1,False,1.0,4.9
Впалый,1,False,1.0,4.9
Кхх,1,False,1.0,4.9
Унизительно,1,False,1.0,4.6
Алай,1,True,0.25,61.8
Обессиленный,1,False,1.0,4.6
Пылкий,1,False,1.0,4.4
Полустёртый,1,False,1.0,62.3
Мистика,1,False,1.0,62.5
Молох,1,False,1.0,62.5
Монструозный,1,False,1.0,62.6
Парень-фавн,1,False,1.0,5.9
Возопить,1,False,1.0,59.7
Ремнант-географик,1,False,1.0,5.9
Эхх,1,False,1.0,58.7
Аахахаххах,1,True,1.0,58.2
Хахахахи,1,False,1.0,58.2
Кто-кто,1,False,1.0,58.2
Вжууа,1,True,1.0,6.6
Подобиё,1,False,1.0,58.3
Чёрныш,1,False,1.0,58.4
Исполнимый,1,False,1.0,58.5
Денёк,1,False,1.0,6.5
Соболезновать,1,False,1.0,6.4
Тьфу,1,False,1.0,58.6
Напридумать,1,False,1.0,58.6
Ты-то,1,False,1.0,58.7
Ахахаах,1,True,1.0,58.7
Флэшинга,1,True,1.0,6.3
Полоскаться,1,False,1.0,59.6
Кхорн,1,False,1.0,58.7
Боярка,1,False,1.0,58.7
Японский,1,False,1.0,58.7
Исекать,1,False,1.0,58.7
Китайский,1,False,1.0,58.7
Культиваторщина,1,False,1.0,58.7
Уазик,1,False,1.0,58.8
Бутылочный,1,False,1.0,59.0
Любезно-холодный,1,False,1.0,59.2
Почитай,1,False,1.0,59.3
Мистраль-тайм,1,False,1.0,6.0
Допизделиться,1,False,1.0,59.3
Они-то,1,False,1.0,59.4
Подстрахователь,1,False,1.0,4.3
Отблескивать,1,False,1.0,63.5
Бунд,1,False,1.0,47.0
Вернал,1,True,1.0,63.5
Завтра-послезавтра,1,False,1.0,3.7
Русый,1,False,1.0,64.0
Рыжик,1,False,1.0,64.1
Лавандоить,1,False,1.0,3.2
Старьё,1,False,1.0,64.4
Арифметика,1,False,1.0,3.0
Серебристо-белый,1,False,1.0,64.8
Обоюдоострый,1,False,1.0,2.9
Долбанутым,1,False,1.0,65.0
Ууу,1,False,1.0,27.2
Вякнуть,1,False,1.0,2.5
Нуу,1,False,1.0,2.4
Эверест,1,False,1.0,2.4
Дагорлада,1,True,1.0,65.3
Держать-ка,1,False,1.0,65.4
Растяпа,1,False,1.0,65.5
Антипод,1,False,1.0,65.6
Мешковатый,1,False,1.0,65.9
Возрождать,1,False,1.0,66.0
Нкал,1,False,1.0,66.1
Гримм-краб,1,True,1.0,66.1
Глазоед,1,False,1.0,66.1
Давным-давно,1,False,1.0,66.2
Робенц,1,False,1.0,66.3
Франция,1,False,1.0,2.0
Луркоморье,1,False,1.0,66.4
Дик,1,True,0.5,66.4
Гэдээровец,1,False,1.0,66.4
Германия,1,False,1.0,66.4
Гриммовский,1,False,1.0,64.0
Кёнунгард-аквапарк,1,True,1.0,63.9
Затопление,1,False,1.0,63.9
Аргусовщина,1,False,1.0,63.8
Вика,1,False,1.0,63.5
Девичество,1,False,1.0,63.5
Активизировать,1,False,1.0,4.2
Прага,1,False,1.0,63.6
Инцест,1,False,1.0,63.6
Пертурабо,1,True,1.0,63.6
Спизженный,1,False,1.0,63.6
Мистралец,1,False,1.0,3.9
Раскрой,1,False,1.0,63.6
Сидр,1,False,1.0,63.7
Поднебесный,1,False,1.0,3.9
Левство,1,False,1.0,63.8
Эмперия,1,True,1.0,63.8
Алоишка,1,False,1.0,63.8
Пол-кёнунгарда,1,True,1.0,63.9
Анимэшный,1,False,1.0,63.8
Мужыками,1,True,1.0,63.8
Мантлишек,1,False,1.0,63.8
Секач,1,False,1.0,63.8
Специальность,1,False,1.0,63.8
Морлан,1,False,1.0,63.8
Шароёбство,1,False,1.0,63.8
Эпик,1,False,1.0,63.8
Наёмничий,1,False,1.0,63.8
Невъебенный,1,False,1.0,63.8
Китай,1,False,1.0,3.9
Абьян,1,True,1.0,63.9
Папочка-охотник,1,False,1.0,63.9
Тёмно-зелёный,1,False,1.0,6.7
Неисчислимый,1,False,1.0,58.1
Базилик,1,False,1.0,6.7
Ничтожество,1,False,1.0,57.9
Обломиться,1,False,1.0,49.5
Отрезвитель,1,False,1.0,10.4
Лав,1,True,1.0,49.6
Эммм,1,False,1.0,49.8
Гитлер,1,True,1.0,49.8
Арбитр,1,False,1.0,50.2
Всего-ничего,1,False,1.0,50.2
Валльског,1,False,1.0,10.2
Арконовый,1,False,1.0,50.4
Колизей,1,False,1.0,50.5
Вырву-ваш,1,False,1.0,50.5
Кишки-взгляд,1,False,1.0,50.5
Отказал-двенадцать,1,False,1.0,50.5
Ещё-живой,1,False,1.0,50.6
Собираюсь-стать,1,False,1.0,50.6
Этой-академия,1,False,1.0,50.6
Ярко-алый,1,False,1.0,50.8
Кхэма,1,True,0.5,50.9
Сороковой,1,False,1.0,51.0
Баба-думс,1,False,1.0,51.0
Бланш,1,False,1.0,51.0
Бурно,1,False,1.0,51.0
Провыть,1,False,1.0,51.1
Айя,1,True,1.0,10.0
Калумба,1,False,1.0,51.2
Транспортироваться,1,False,1.0,51.4
Фертула,1,False,1.0,51.4
Рол,1,False,1.0,51.4
Девяносто-миллиметровый,1,False,1.0,9.9
Годжо,1,True,1.0,10.8
Добавка,1,False,1.0,49.3
Оцепенелый,1,False,1.0,49.2
Грэмм,1,True,1.0,12.0
Дамиена,1,False,1.0,47.0
Гриммоша,1,False,1.0,47.0
Лицо-маска,1,False,1.0,12.7
Ахахахахха,1,False,1.0,47.0
Ахахаххах,1,True,1.0,47.0
Флора,1,False,1.0,47.0
Даа,1,False,1.0,47.2
Шейдом,1,False,1.0,47.4
Вздор,1,False,1.0,12.7
Берингель-горилла,1,False,1.0,12.6
Зима-попрыгунья,1,False,1.0,12.3
Филин,1,False,1.0,48.1
Грокс,1,False,1.0,48.1
Уберштейн,1,True,1.0,48.3
Бао,1,False,1.0,11.2
Поколебаться,1,False,1.0,12.0
Мантлом,1,False,1.0,48.7
Король-разбойник,1,False,1.0,48.8
Расправить,1,False,1.0,48.8
Короле-что,1,False,1.0,48.8
Кляйн,1,False,1.0,48.9
Взаперти,1,False,1.0,48.9
Простудиться,1,False,1.0,12.0
Фейра,1,True,1.0,49.0
Светло-синий,1,False,1.0,11.8
Нервишки,1,False,1.0,11.7
Уилла,1,True,1.0,49.1
Фамильярно,1,False,1.0,11.5
Бугар,1,False,1.0,51.6
Ройсом,1,False,1.0,51.6
Ротериум,1,False,1.0,9.9
Маркнол,1,False,1.0,56.3
Сосиндёр,1,False,1.0,55.3
Эмеральда,1,True,1.0,55.3
Эсдес,1,True,1.0,55.3
Акама,1,False,1.0,55.3
Вжухнуть,1,False,1.0,55.3
Подмастерье,1,False,1.0,7.6
Футарк,1,False,1.0,55.3
Кентебрийский,1,False,1.0,55.5
Социолог,1,False,1.0,55.6
Студент-четверокурсник,1,False,1.0,55.8
Мсехома,1,True,1.0,55.8
Чаёк,1,False,1.0,55.8
Полуготовый,1,False,1.0,7.5
Руж,1,False,1.0,56.5
Ая,1,True,1.0,7.9
Хонг,1,False,1.0,56.5
Захра,1,False,1.0,56.5
Кукушка-кукушка,1,False,1.0,56.6
Жозефина,1,True,1.0,57.0
Гвинерв,1,False,1.0,57.1
Гримм-барбатаска,1,True,1.0,57.1
Ловец,1,False,1.0,7.0
Три-брат,1,False,1.0,57.1
Авгульфингский,1,False,1.0,57.2
Хромой,1,False,1.0,57.4
Вы-то,1,False,1.0,57.4
Взгромоздиться,1,False,1.0,57.7
Поэтому-то,1,False,1.0,6.9
Владетель,1,False,1.0,55.1
Велено,1,False,1.0,7.9
Блейн,1,True,1.0,51.6
Чечня,1,False,1.0,9.6
Езжать,1,False,1.0,51.7
Проинструктировать,1,False,1.0,51.7
Истерично,1,False,1.0,51.7
Гримм-грендель,1,True,1.0,9.8
Расхищать,1,False,1.0,51.7
Гримм-беовульфа,1,True,1.0,9.8
Блейном,1,False,1.0,51.9
Женщина-фавн,1,False,1.0,52.5
Фавн-манул,1,False,1.0,52.5
Ред,1,False,1.0,52.8
Скрол,1,False,1.0,52.8
Марсельеза,1,False,1.0,53.1
Амбер,1,False,1.0,53.3
Майкоп,1,False,1.0,9.6
Лицожуй,1,False,1.0,55.0
Фиксация,1,False,1.0,9.5
Спрячься,1,False,1.0,9.4
Там-то,1,False,1.0,9.3
Северо-запад,1,False,1.0,9.3
Спасительница,1,False,1.0,53.7
Взволнованно,1,False,1.0,9.2
Дедушка-лорд,1,False,1.0,53.9
Нодами-тянин,1,False,1.0,8.8
Вверху,1,False,1.0,8.7
Сыпануть,1,False,1.0,8.3
Гийом,1,False,1.0,54.2
Юэджи,1,True,0.07,8.1
Подгадать,1,False,1.0,54.4
Сокращённо,1,False,1.0,29.8
