name,mentions,name_pos,cap_ratio,first_pct,status,comment_mentions
Жон,4947,True,1.0,0.0,mentioned_not_guessed,497
Арк,1626,True,1.0,0.1,mentioned_not_guessed,178
Гримм,1044,True,1.0,0.0,mentioned_not_guessed,66
Хейль,836,False,1.0,0.1,eliminated,75
Вейл,822,False,1.0,0.1,mentioned_not_guessed,72
Нора,753,False,0.99,0.6,eliminated,66
Подобие,628,False,0.96,0.3,never_mentioned,0
Кардин,548,True,1.0,0.4,mentioned_not_guessed,68
Мистраль,543,False,1.0,0.3,mentioned_not_guessed,41
Лай,493,False,1.0,0.6,mentioned_not_guessed,22
Бикона,451,False,1.0,0.5,mentioned_not_guessed,50
Озпин,416,False,1.0,0.5,eliminated,73
Арка,393,False,0.96,0.0,mentioned_not_guessed,65
Винчестер,370,True,1.0,0.4,mentioned_not_guessed,29
Вайс,365,True,1.0,0.6,eliminated,24
Шни,327,False,1.0,0.5,mentioned_not_guessed,21
Академия,326,False,0.96,0.3,never_mentioned,0
Сапфир,300,False,0.99,0.1,eliminated,12
Пыль,292,False,0.86,0.6,never_mentioned,0
Великий,283,False,0.77,0.1,mentioned_not_guessed,27
Руби,283,True,1.0,0.6,eliminated,98
Сафрон,268,True,1.0,0.1,eliminated,20
Ансель,266,False,1.0,0.3,mentioned_not_guessed,6
Война,238,False,0.62,0.1,never_mentioned,0
Ремнант,238,False,1.0,0.0,mentioned_not_guessed,104
Атлас,232,False,1.0,0.5,mentioned_not_guessed,38
Ирис,222,False,1.0,0.6,eliminated,19
Гудвич,202,False,1.0,0.5,mentioned_not_guessed,4
Кроцеа,185,True,1.0,1.7,eliminated,10
Морс,185,False,1.0,1.7,eliminated,10
Янг,161,True,1.0,0.4,mentioned_not_guessed,22
Вакуо,158,False,1.0,0.1,mentioned_not_guessed,26
Ноэда,154,True,1.0,0.3,mentioned_not_guessed,5
Арквиль,153,True,1.0,0.1,mentioned_not_guessed,18
Райхан,150,True,1.0,0.4,eliminated,32
Прорыв,150,False,0.92,0.1,never_mentioned,0
Порт,139,False,0.95,0.5,mentioned_not_guessed,21
Тибо,133,False,1.0,0.4,mentioned_not_guessed,1
Роуз,133,False,1.0,0.6,mentioned_not_guessed,11
Уитлить,129,False,1.0,0.5,mentioned_not_guessed,7
Беовульф,127,True,1.0,1.5,mentioned_not_guessed,7
Лаванда,127,False,0.98,0.1,live_guess,2
Никос,127,False,1.0,0.6,mentioned_not_guessed,5
Совет,122,False,0.76,0.4,mentioned_not_guessed,9
Рокс,122,False,1.0,0.6,eliminated,9
Клык,120,False,0.85,0.4,mentioned_not_guessed,3
Луперк,119,False,1.0,0.7,mentioned_not_guessed,5
Палач,118,False,0.95,1.4,mentioned_not_guessed,53
Пирра,112,False,1.0,0.6,mentioned_not_guessed,41
Терри,111,True,1.0,0.1,eliminated,2
Адам,111,True,1.0,0.4,eliminated,12
Глинда,110,True,1.0,0.5,mentioned_not_guessed,7
Валькирия,110,False,1.0,0.6,mentioned_not_guessed,3
Рен,107,False,1.0,0.6,mentioned_not_guessed,33
Урицук,105,False,1.0,0.4,never_mentioned,0
Мантло,104,False,1.0,0.1,mentioned_not_guessed,12
Жанна,104,True,1.0,0.1,eliminated,17
Дева,101,False,0.95,1.1,mentioned_not_guessed,30
Жасмина,99,True,1.0,0.3,mentioned_not_guessed,6
Меркьюри,98,True,1.0,0.4,mentioned_not_guessed,6
Сяо,97,False,1.0,0.6,mentioned_not_guessed,3
Лонг,97,False,1.0,0.6,mentioned_not_guessed,3
Азэй,96,False,1.0,0.1,mentioned_not_guessed,5
Питер,94,True,1.0,0.5,mentioned_not_guessed,5
Баджер,91,True,1.0,0.7,never_mentioned,0
Юлиус,89,False,1.0,0.1,mentioned_not_guessed,31
Что-то,89,False,1.0,3.2,mentioned_not_guessed,5
Артур,88,True,1.0,0.1,mentioned_not_guessed,8
Мицуруга,88,False,1.0,0.4,never_mentioned,0
Виолетта,87,True,1.0,0.1,mentioned_not_guessed,3
Ален,86,True,1.0,0.7,mentioned_not_guessed,5
Жонни,86,True,1.0,16.3,mentioned_not_guessed,1
Волшебник,84,False,0.83,0.2,mentioned_not_guessed,19
Николас,84,True,1.0,0.1,mentioned_not_guessed,5
Кто-то,83,False,1.0,2.8,mentioned_not_guessed,15
Скарлатина,83,False,1.0,0.1,mentioned_not_guessed,5
Анна,83,True,1.0,0.1,never_mentioned,0
Однако,81,False,0.7,0.8,mentioned_not_guessed,12
Бламор,80,True,1.0,41.4,mentioned_not_guessed,2
Жоэль,75,False,1.0,0.9,mentioned_not_guessed,2
Сандор,74,True,1.0,0.5,never_mentioned,0
Священный,73,False,0.65,0.9,never_mentioned,0
Аргус,73,False,1.0,0.4,mentioned_not_guessed,3
Миядзав,73,False,1.0,0.4,never_mentioned,0
Разве,73,False,0.63,1.7,mentioned_not_guessed,5
Северный,71,False,0.65,0.8,never_mentioned,0
Гуй,69,False,1.0,0.1,mentioned_not_guessed,1
Ахерон,69,True,1.0,0.7,mentioned_not_guessed,9
Блэк,69,False,1.0,0.4,mentioned_not_guessed,2
Санус,68,False,1.0,0.1,mentioned_not_guessed,1
Ренни,68,False,1.0,17.3,mentioned_not_guessed,5
Рой,67,True,0.88,0.3,mentioned_not_guessed,3
Фея,67,False,1.0,0.1,mentioned_not_guessed,2
Грей,66,True,1.0,0.4,eliminated,5
Неужели,65,False,0.73,3.9,mentioned_not_guessed,4
Адольф,65,True,1.0,0.5,mentioned_not_guessed,2
Ведьма,63,False,0.98,1.2,mentioned_not_guessed,20
Котт,63,True,0.98,0.1,mentioned_not_guessed,2
Николь,63,True,1.0,0.1,never_mentioned,0
Вельвет,63,False,1.0,0.4,live_guess,15
Поход,62,False,0.75,0.9,never_mentioned,0
Изумрудный,61,False,0.87,0.8,mentioned_not_guessed,2
Логос,61,False,1.0,0.5,mentioned_not_guessed,6
Корона,61,False,0.73,0.3,never_mentioned,0
Витать,60,False,0.81,0.0,mentioned_not_guessed,2
Эмбер,60,False,1.0,16.9,eliminated,3
Невермор,59,False,0.98,3.4,never_mentioned,0
Добряк,59,False,0.97,0.1,eliminated,3
Гленна,59,True,1.0,0.1,mentioned_not_guessed,3
Аям,58,False,1.0,0.3,mentioned_not_guessed,1
Фестиваль,57,False,0.81,0.1,never_mentioned,0
Изам,57,False,1.0,0.4,never_mentioned,0
Уточнить,56,False,0.71,11.2,never_mentioned,0
Валленштейн,56,True,1.0,0.7,never_mentioned,0
Эрик,56,True,1.0,0.4,mentioned_not_guessed,6
Русс,56,False,1.0,0.7,mentioned_not_guessed,5
Бранвено,55,False,1.0,0.4,mentioned_not_guessed,33
Лок,55,False,1.0,0.4,never_mentioned,0
Голд,54,False,1.0,0.7,mentioned_not_guessed,3
Мясник,54,False,0.96,0.1,mentioned_not_guessed,2
Король-воин,54,False,1.0,1.2,mentioned_not_guessed,8
Жоном,51,False,1.0,2.7,mentioned_not_guessed,13
Кроу,51,True,1.0,0.4,eliminated,17
Крикнуть,51,False,0.69,2.2,never_mentioned,0
Революция,51,False,0.98,1.3,never_mentioned,0
Астр,50,True,0.98,0.4,never_mentioned,0
Иксор,49,False,1.0,0.5,eliminated,6
Сильван,48,False,1.0,0.6,never_mentioned,0
Филипп,48,True,1.0,0.5,mentioned_not_guessed,1
Поинтересоваться,48,False,0.67,6.0,never_mentioned,0
Лупёрка,47,False,1.0,21.1,mentioned_not_guessed,2
Извинить,47,False,0.71,3.6,mentioned_not_guessed,3
Святой,47,False,0.63,0.8,never_mentioned,0
Легион,46,False,0.73,1.4,mentioned_not_guessed,13
Нода,46,False,1.0,0.3,never_mentioned,0
Вульф,45,True,1.0,0.4,never_mentioned,0
Майра,45,False,1.0,0.1,never_mentioned,0
Пижма,45,False,1.0,0.7,mentioned_not_guessed,1
Посвящение,45,False,0.98,0.5,never_mentioned,0
Патч,44,False,1.0,0.1,mentioned_not_guessed,3
Ага,44,False,0.77,2.5,mentioned_not_guessed,2
Гленко,44,True,1.0,41.2,never_mentioned,0
Кайоша,44,False,1.0,0.3,never_mentioned,0
Милость,44,False,0.81,42.1,mentioned_not_guessed,5
Юстас,43,True,1.0,0.4,mentioned_not_guessed,2
Церковь,43,False,0.61,0.8,never_mentioned,0
Бранвена,42,False,1.0,0.4,mentioned_not_guessed,10
Тор,42,False,1.0,0.7,mentioned_not_guessed,2
Копа,42,False,1.0,0.7,mentioned_not_guessed,6
Дюрана,41,False,1.0,0.3,mentioned_not_guessed,4
Лао,41,False,1.0,0.4,mentioned_not_guessed,2
Хейвена,41,False,1.0,1.3,never_mentioned,0
Росит,41,False,1.0,0.6,mentioned_not_guessed,2
Менаджери,40,False,1.0,4.8,mentioned_not_guessed,7
Аис,40,True,1.0,0.7,never_mentioned,0
Валуа,39,True,1.0,0.4,live_guess,13
Ханако,39,True,1.0,0.3,never_mentioned,0
Линь,39,False,1.0,0.4,never_mentioned,0
Громобой,39,False,1.0,21.1,never_mentioned,0
Озм,38,False,1.0,26.4,eliminated,48
Озлюминать,38,False,1.0,1.2,mentioned_not_guessed,17
Где-то,37,False,1.0,3.9,mentioned_not_guessed,3
Паладин,37,False,0.64,51.7,never_mentioned,0
Аргилак,37,False,1.0,1.3,mentioned_not_guessed,1
Бранвен,37,True,1.0,10.4,mentioned_not_guessed,5
Паук,37,False,0.77,0.6,eliminated,2
Маршалл,36,True,1.0,24.6,mentioned_not_guessed,7
Гильдия,36,False,0.95,13.3,never_mentioned,0
Примечание,35,False,0.83,0.6,never_mentioned,0
Империя,35,False,0.7,0.7,never_mentioned,0
Нептун,35,True,1.0,0.3,never_mentioned,0
Сильвер,34,True,1.0,0.5,eliminated,1
Камбер,34,False,1.0,0.3,mentioned_not_guessed,2
Айрон,34,True,1.0,0.4,never_mentioned,0
Ами,34,True,1.0,0.7,mentioned_not_guessed,3
Госпожа,33,False,0.87,0.6,mentioned_not_guessed,1
Кожеед,33,False,1.0,0.9,never_mentioned,0
Блейк,32,False,1.0,0.4,eliminated,11
Закричать,32,False,0.62,4.8,never_mentioned,0
Розалия,32,True,1.0,0.7,never_mentioned,0
Тюрби,32,True,1.0,34.9,never_mentioned,0
Рудея,31,True,0.94,0.7,mentioned_not_guessed,15
Шейд,31,False,1.0,0.4,never_mentioned,0
Улыбчивый,31,False,0.78,0.1,mentioned_not_guessed,7
Андриаполь,31,False,1.0,5.6,never_mentioned,0
Жак,31,True,1.0,0.5,mentioned_not_guessed,2
Аран,31,True,1.0,0.6,never_mentioned,0
Старуха,31,False,0.63,1.4,mentioned_not_guessed,32
Верховный,31,False,0.86,0.2,mentioned_not_guessed,2
Амьен,31,False,1.0,0.3,mentioned_not_guessed,2
Ансельма,30,True,1.0,0.2,mentioned_not_guessed,2
Тигриный,30,False,0.67,1.0,mentioned_not_guessed,4
Рейвено,30,False,1.0,0.4,mentioned_not_guessed,6
Рокса,30,False,1.0,18.9,mentioned_not_guessed,5
Бланша,30,True,1.0,0.7,mentioned_not_guessed,1
Салем,29,False,1.0,0.2,eliminated,66
Семя,29,False,0.91,1.4,mentioned_not_guessed,4
Арквильский,29,False,0.66,25.9,never_mentioned,0
Робен,29,True,1.0,0.4,never_mentioned,0
Урс,29,True,1.0,9.2,mentioned_not_guessed,5
Милорд,28,False,0.82,1.4,mentioned_not_guessed,7
Мортис,28,False,1.0,0.6,never_mentioned,0
Некромант,28,False,0.97,1.3,mentioned_not_guessed,5
Магнолия,28,False,1.0,0.5,never_mentioned,0
Ангел,28,False,0.85,13.6,never_mentioned,0
Солитас,28,True,1.0,0.7,mentioned_not_guessed,5
Освободитель,27,False,1.0,0.1,mentioned_not_guessed,12
Эллисон,27,True,1.0,0.7,never_mentioned,0
Горький,27,True,0.44,1.4,mentioned_not_guessed,7
Пьяница,27,False,1.0,0.2,mentioned_not_guessed,11
Алтана,27,True,1.0,0.4,never_mentioned,0
Злобоглазый,26,False,1.0,1.4,mentioned_not_guessed,9
Всезнайка,26,False,1.0,20.7,mentioned_not_guessed,1
Чума,26,False,0.84,0.2,mentioned_not_guessed,6
Блеквелла,26,True,1.0,0.7,never_mentioned,0
Клод,25,True,1.0,0.2,never_mentioned,0
Аяна,25,True,1.0,0.3,never_mentioned,0
Орион,25,True,1.0,0.7,mentioned_not_guessed,1
Керри,25,True,1.0,0.6,never_mentioned,0
Брум,25,False,1.0,0.5,mentioned_not_guessed,2
Жаль,25,False,0.61,19.5,mentioned_not_guessed,4
Хич,25,False,1.0,0.6,never_mentioned,0
Погибель,25,False,0.83,1.0,mentioned_not_guessed,8
Титан,25,False,0.81,0.3,never_mentioned,0
Ублёкнуть,24,False,1.0,0.6,mentioned_not_guessed,2
Воскликнуть,24,False,0.69,4.1,never_mentioned,0
Аой,24,False,1.0,0.4,never_mentioned,0
Вилли,24,True,1.0,0.7,never_mentioned,0
Понятно,24,False,0.63,16.7,never_mentioned,0
Хейвено,24,False,1.0,0.3,mentioned_not_guessed,1
Дворец,24,False,0.63,21.6,mentioned_not_guessed,2
Ублек,23,False,1.0,19.4,mentioned_not_guessed,1
Лоран,23,True,1.0,0.3,never_mentioned,0
Белладонна,23,False,1.0,0.4,eliminated,2
Корало,23,False,1.0,0.7,never_mentioned,0
Анить,23,False,1.0,0.8,mentioned_not_guessed,1
Вента-си,23,False,1.0,1.2,mentioned_not_guessed,1
Фулкс,23,False,1.0,0.4,never_mentioned,0
Манхилёд,23,False,1.0,17.4,never_mentioned,0
Омар,23,True,1.0,0.5,mentioned_not_guessed,1
Возмутиться,23,False,0.7,18.5,never_mentioned,0
Промышленный,23,False,0.74,0.4,never_mentioned,0
Ахилл,23,True,1.0,41.4,never_mentioned,0
Сановник,22,False,0.96,0.5,never_mentioned,0
Воронья,22,False,0.88,0.4,never_mentioned,0
Степь,22,False,0.85,0.4,mentioned_not_guessed,2
Лицожевать,22,False,1.0,3.2,never_mentioned,0
Айронвуд,22,False,1.0,0.5,mentioned_not_guessed,11
Иссоп,22,False,1.0,0.5,eliminated,12
Повар,22,False,0.79,53.6,never_mentioned,0
Заря,22,False,0.73,53.7,never_mentioned,0
Фенг,21,False,1.0,0.3,mentioned_not_guessed,1
Божоля,21,True,1.0,0.5,never_mentioned,0
Дитя,21,False,0.6,1.5,never_mentioned,0
Люмен,21,False,1.0,98.7,mentioned_not_guessed,1
Королева,20,False,0.69,1.4,mentioned_not_guessed,17
Шимон,20,True,1.0,0.5,mentioned_not_guessed,3
Роджер,20,True,1.0,0.5,never_mentioned,0
Гай,20,True,1.0,24.2,never_mentioned,0
Кнап,20,False,1.0,0.7,never_mentioned,0
Инквизитор,20,False,0.71,0.9,mentioned_not_guessed,2
Университет,20,False,1.0,0.4,mentioned_not_guessed,1
Морген,20,False,1.0,0.1,eliminated,27
Таурусый,20,False,1.0,0.4,mentioned_not_guessed,1
Богиня,20,False,0.87,0.2,never_mentioned,0
Цутигумо,19,False,1.0,12.9,never_mentioned,0
Жибер,19,False,1.0,0.4,mentioned_not_guessed,1
Заорать,19,False,0.61,6.2,never_mentioned,0
Винтёр,19,False,1.0,0.5,eliminated,6
Кай,19,True,1.0,59.8,mentioned_not_guessed,3
Сегментат,19,False,1.0,59.8,mentioned_not_guessed,2
Тракт,19,False,0.95,3.8,never_mentioned,0
Увы,19,False,0.66,11.5,mentioned_not_guessed,10
Лютик,19,False,0.95,0.7,never_mentioned,0
Проповедник,18,False,0.69,0.8,mentioned_not_guessed,3
Мантля,18,False,1.0,14.4,mentioned_not_guessed,3
Сольттер,18,False,1.0,49.2,never_mentioned,0
Ромул,18,True,1.0,1.0,never_mentioned,0
Вальдис,18,False,1.0,0.4,never_mentioned,0
Сакура,18,False,0.82,7.5,never_mentioned,0
Адриан,18,True,1.0,0.1,never_mentioned,0
Синанна,18,True,1.0,0.7,never_mentioned,0
Флавий,18,True,1.0,0.4,never_mentioned,0
Гарольд,18,True,1.0,0.2,mentioned_not_guessed,4
Блэквелла,18,True,1.0,21.3,never_mentioned,0
Зато,18,False,0.67,6.3,mentioned_not_guessed,4
Жалость,18,False,0.64,19.3,eliminated,0
Голиаф,18,False,1.0,9.9,never_mentioned,0
Юзман,18,True,1.0,0.7,never_mentioned,0
Рокк,18,False,1.0,0.7,never_mentioned,0
Всё-таки,18,False,1.0,5.9,mentioned_not_guessed,1
Бранан,17,True,1.0,0.4,mentioned_not_guessed,1
Тибор,17,True,1.0,0.2,mentioned_not_guessed,1
Риддло,17,False,1.0,0.5,mentioned_not_guessed,2
Одрия,17,False,1.0,0.9,never_mentioned,0
Ромулан,17,False,1.0,0.4,mentioned_not_guessed,2
Клевер,17,False,1.0,0.4,never_mentioned,0
Георг,17,True,1.0,0.7,never_mentioned,0
Рудеев,17,True,0.89,0.7,mentioned_not_guessed,7
Фэн,16,True,1.0,0.4,never_mentioned,0
Патлатый,16,False,1.0,0.5,mentioned_not_guessed,1
Дагоберт,16,True,1.0,0.1,never_mentioned,0
Клео,16,True,1.0,0.1,mentioned_not_guessed,1
Винч,16,False,1.0,1.1,never_mentioned,0
Брест,16,False,1.0,0.5,mentioned_not_guessed,3
Элюар,16,False,1.0,0.5,never_mentioned,0
Лить,16,False,0.94,0.5,never_mentioned,0
Когда-то,16,False,1.0,3.3,never_mentioned,0
Меровеять,16,False,1.0,0.2,mentioned_not_guessed,1
Аргонавт,16,False,1.0,0.3,never_mentioned,0
Эйкхарт,16,False,1.0,0.5,never_mentioned,0
Главнокомандующий,16,False,0.84,8.7,never_mentioned,0
Комплот,16,False,1.0,0.6,never_mentioned,0
Лиллиана,16,True,1.0,0.7,never_mentioned,0
Марсоль,16,False,1.0,0.4,never_mentioned,0
Переспросить,16,False,0.64,6.8,never_mentioned,0
Аркус,15,False,1.0,0.3,never_mentioned,0
Ээээ,15,True,0.88,17.8,never_mentioned,0
Редсмит,15,True,1.0,0.5,eliminated,1
Сказочник,15,False,1.0,0.5,eliminated,5
Гао,15,False,1.0,0.4,never_mentioned,0
Клик,15,False,0.94,34.6,never_mentioned,0
Роанн,15,False,1.0,0.2,mentioned_not_guessed,11
Шарм,15,False,0.94,0.5,never_mentioned,0
Остин,15,True,1.0,0.3,never_mentioned,0
Итак,15,False,1.0,22.7,mentioned_not_guessed,3
Айся,15,True,1.0,0.7,mentioned_not_guessed,1
Элизиум,15,False,1.0,0.4,mentioned_not_guessed,1
Почему-то,15,False,1.0,1.9,never_mentioned,0
Флоран,15,True,1.0,37.9,never_mentioned,0
Рявкнуть,15,False,0.79,1.6,never_mentioned,0
Чживан,15,True,1.0,58.2,never_mentioned,0
Купер,15,True,1.0,0.7,never_mentioned,0
Храмный,15,False,1.0,1.1,mentioned_not_guessed,2
Пактоман,14,False,0.93,0.5,never_mentioned,0
Ришар,14,True,1.0,26.4,never_mentioned,0
Прогресс,14,False,0.61,0.4,never_mentioned,0
Хан,14,False,1.0,58.5,never_mentioned,0
Какой-то,14,False,1.0,2.2,mentioned_not_guessed,2
Авгульфинг,14,False,1.0,1.1,mentioned_not_guessed,2
Йоланда,14,True,1.0,0.5,eliminated,1
Камп,14,False,1.0,65.3,mentioned_not_guessed,2
Луноход,14,False,1.0,0.8,never_mentioned,0
Пич,14,False,1.0,0.6,mentioned_not_guessed,1
Аларика,14,True,1.0,0.4,live_guess,8
Перси,14,False,1.0,0.7,never_mentioned,0
Тора,14,False,1.0,18.8,never_mentioned,0
Амаль,14,True,1.0,0.3,never_mentioned,0
Праведный,14,False,0.93,0.8,never_mentioned,0
Возрождение,14,False,0.67,0.6,never_mentioned,0
Дейси,14,False,1.0,0.6,never_mentioned,0
Цитата,14,False,0.88,94.9,never_mentioned,0
Рауль,14,True,1.0,0.3,mentioned_not_guessed,1
Лорхан,14,False,1.0,42.7,never_mentioned,0
Сан,14,False,0.74,0.3,never_mentioned,0
Цветной,13,False,0.81,1.3,mentioned_not_guessed,2
Вейлом,13,False,1.0,0.8,never_mentioned,0
Клемент,13,True,1.0,53.9,mentioned_not_guessed,1
Синеглазый,13,False,1.0,0.9,never_mentioned,0
Грис,13,False,1.0,0.4,never_mentioned,0
Алон,13,True,1.0,2.4,never_mentioned,0
Императорский,13,False,0.62,3.8,mentioned_not_guessed,1
Фиакр,13,False,1.0,0.4,never_mentioned,0
Мишель,13,True,1.0,0.3,never_mentioned,0
Луперкома,13,False,1.0,33.6,never_mentioned,0
Нэнси,13,True,1.0,0.3,never_mentioned,0
Бурка,13,False,1.0,1.4,never_mentioned,0
Рудейский,13,False,0.87,0.7,mentioned_not_guessed,16
Шиный,13,False,1.0,0.4,never_mentioned,0
Рем,13,True,1.0,24.6,never_mentioned,0
Арчибальд,13,True,1.0,0.3,mentioned_not_guessed,1
Леонхарт,12,False,1.0,1.3,never_mentioned,0
Цезарий,12,True,1.0,1.0,never_mentioned,0
Бунжер,12,False,1.0,0.7,never_mentioned,0
Илька,12,False,1.0,0.5,never_mentioned,0
Когорта,12,False,0.63,1.5,never_mentioned,0
Амьенский,12,False,0.92,0.5,never_mentioned,0
Соляный,12,False,0.92,39.9,never_mentioned,0
Портовый,12,False,0.86,64.4,mentioned_not_guessed,1
Архивариус,12,False,0.92,55.1,mentioned_not_guessed,2
Лока,12,False,1.0,30.5,never_mentioned,0
Благодарить,12,False,0.63,4.0,never_mentioned,0
Лиана,12,False,0.6,0.7,never_mentioned,0
Эдельвейс,12,False,1.0,0.5,mentioned_not_guessed,1
Крысиный,12,False,0.92,53.6,never_mentioned,0
Арнольд,12,True,1.0,0.4,mentioned_not_guessed,1
Туба,12,False,1.0,24.6,never_mentioned,0
Росся,12,True,1.0,0.7,mentioned_not_guessed,1
Куроюри,12,True,1.0,5.2,never_mentioned,0
Вопросить,12,False,0.8,8.8,never_mentioned,0
Люкс,11,False,1.0,0.3,never_mentioned,0
Сафи,11,False,1.0,14.7,mentioned_not_guessed,2
Сирота,11,False,0.61,0.4,never_mentioned,0
Малус,11,False,1.0,1.1,mentioned_not_guessed,3
Кэндзь,11,False,1.0,0.4,never_mentioned,0
Ресурениум,11,False,1.0,1.1,mentioned_not_guessed,3
Безмолвствовать,11,False,0.92,38.3,never_mentioned,0
Марш,11,False,0.61,1.0,never_mentioned,0
Гир,11,False,1.0,42.3,eliminated,1
Ноктюрн,11,False,1.0,0.4,never_mentioned,0
Ловчий,11,False,0.92,4.1,never_mentioned,0
Базиля,11,True,1.0,0.5,eliminated,1
Джунгли,11,False,0.69,2.1,never_mentioned,0
Дюрфора,11,False,1.0,0.3,mentioned_not_guessed,1
Базилио,11,True,1.0,0.5,mentioned_not_guessed,1
Альянс,11,False,0.61,0.8,never_mentioned,0
Коко,11,False,1.0,0.7,mentioned_not_guessed,3
Ундэс,11,False,1.0,0.4,never_mentioned,0
Мавить,11,False,1.0,0.7,never_mentioned,0
Пакт,11,False,1.0,48.1,never_mentioned,0
Мэдок,11,False,1.0,0.4,never_mentioned,0
Волкоести,11,False,1.0,72.2,mentioned_not_guessed,6
Скай,10,False,1.0,0.7,mentioned_not_guessed,3
Рейчел,10,False,1.0,0.3,never_mentioned,0
Гвардия,10,False,0.62,24.4,never_mentioned,0
Пирхельма,10,True,1.0,0.9,never_mentioned,0
Тайджито,10,False,1.0,17.6,never_mentioned,0
Рассесть,10,False,1.0,0.7,never_mentioned,0
Наконец-то,10,False,1.0,16.7,mentioned_not_guessed,2
Храмна,10,True,1.0,0.8,mentioned_not_guessed,2
Арквилем,10,True,1.0,0.2,never_mentioned,0
Цецилия,10,True,1.0,0.5,never_mentioned,0
Воронь,10,False,1.0,60.1,never_mentioned,0
Сучжоу,10,False,1.0,3.6,never_mentioned,0
Победоносный,10,False,0.83,0.6,never_mentioned,0
Кенич,10,True,1.0,0.4,never_mentioned,0
Околдовать,10,False,1.0,1.1,mentioned_not_guessed,3
Шастр,10,True,1.0,59.3,mentioned_not_guessed,4
Джекалоп,10,False,1.0,0.8,never_mentioned,0
Корвальда,10,True,1.0,0.2,never_mentioned,0
Мак,10,False,0.77,25.7,mentioned_not_guessed,3
Роудж,10,True,1.0,0.5,never_mentioned,0
Шерлок,10,True,1.0,0.4,eliminated,1
Вебер,9,False,1.0,0.5,mentioned_not_guessed,4
Охуеть,9,False,0.82,46.0,never_mentioned,0
Грейсон,9,True,1.0,0.5,never_mentioned,0
Хао,9,False,1.0,70.5,never_mentioned,0
Домреми,9,True,1.0,37.6,never_mentioned,0
Героиня,9,False,0.82,0.1,mentioned_not_guessed,2
Гий,9,False,1.0,0.2,mentioned_not_guessed,4
Здравствуйте,9,False,0.82,13.4,mentioned_not_guessed,2
Раймонд,9,True,1.0,0.1,mentioned_not_guessed,2
Ларк,9,True,1.0,0.7,never_mentioned,0
Гринг,9,False,1.0,5.7,never_mentioned,0
Кот,9,False,0.64,21.3,never_mentioned,0
Стронг,9,True,1.0,0.5,eliminated,1
Лунатик,9,False,1.0,21.0,never_mentioned,0
Тая,9,True,0.9,70.5,mentioned_not_guessed,1
Фантом,9,False,1.0,40.2,never_mentioned,0
Барбатаска,9,False,1.0,3.4,never_mentioned,0
Здравствуй,9,False,1.0,3.7,never_mentioned,0
Иконоборец,9,False,1.0,1.0,never_mentioned,0
Бермандуа,9,True,1.0,1.1,never_mentioned,0
Одноглазый,9,False,0.64,64.1,never_mentioned,0
Альфа,9,False,1.0,4.2,never_mentioned,0
Гилла,9,True,1.0,32.9,never_mentioned,0
Падший,9,False,0.82,42.3,never_mentioned,0
Саф,9,False,1.0,4.6,never_mentioned,0
Гриж,9,False,1.0,0.4,never_mentioned,0
Пригород,8,False,0.73,53.5,never_mentioned,0
Макото,8,False,1.0,0.4,never_mentioned,0
Блекторн,8,False,1.0,0.5,never_mentioned,0
Люп,8,False,1.0,37.9,never_mentioned,0
Гейст,8,False,1.0,0.8,never_mentioned,0
Пол,8,True,0.06,7.3,never_mentioned,0
Лео,8,True,1.0,0.2,never_mentioned,0
Конг,8,True,1.0,1.3,never_mentioned,0
Доктрина,8,False,0.73,34.7,never_mentioned,0
Дрейк,8,True,1.0,12.7,never_mentioned,0
Флори,8,True,1.0,0.3,never_mentioned,0
Каковой,8,False,0.67,3.5,mentioned_not_guessed,3
Яоз,8,False,1.0,4.0,never_mentioned,0
Эдмунд,8,True,1.0,0.4,never_mentioned,0
Айвить,8,False,1.0,46.6,never_mentioned,0
Ансерия,8,False,1.0,0.4,mentioned_not_guessed,1
Морган,8,True,1.0,0.4,mentioned_not_guessed,2
Доб,8,False,1.0,0.5,never_mentioned,0
Кина,8,False,1.0,0.4,never_mentioned,0
Аркуса,8,False,1.0,0.3,never_mentioned,0
Стефан,8,True,1.0,0.1,never_mentioned,0
Шафран,8,False,1.0,31.4,mentioned_not_guessed,1
Рубин,8,False,1.0,0.6,never_mentioned,0
Юзмана,8,False,1.0,21.9,never_mentioned,0
Обжора,8,False,0.8,0.5,never_mentioned,0
Саммера,8,False,1.0,43.2,eliminated,2
Отбечь,8,False,0.89,21.7,never_mentioned,0
Ого,8,False,1.0,15.9,mentioned_not_guessed,1
Бофора,8,False,1.0,73.4,never_mentioned,0
Железноногий,8,False,1.0,1.4,mentioned_not_guessed,3
Пряный,8,False,0.89,31.4,mentioned_not_guessed,1
Вейя,8,True,1.0,1.0,never_mentioned,0
Олдос,8,False,1.0,0.9,never_mentioned,0
Сиенна,8,True,1.0,4.7,eliminated,3
Когда-нибудь,8,False,1.0,1.8,never_mentioned,0
Блу,7,False,1.0,0.5,eliminated,1
Дитрих,7,True,1.0,47.0,never_mentioned,0
Крушитель,7,False,1.0,0.5,never_mentioned,0
Топорик,7,False,0.78,0.5,never_mentioned,0
Концептуальный,7,False,1.0,76.0,never_mentioned,0
Берингель,7,False,1.0,8.3,never_mentioned,0
Адриана,7,True,1.0,16.3,never_mentioned,0
Слышь,7,False,0.7,16.6,mentioned_not_guessed,3
Берил,7,False,1.0,2.0,never_mentioned,0
Флинт,7,False,1.0,0.5,never_mentioned,0
Как-то,7,False,1.0,6.9,mentioned_not_guessed,2
Кто-нибудь,7,False,1.0,1.9,never_mentioned,0
Микстура,7,False,1.0,0.4,never_mentioned,0
Северянин,7,True,0.41,43.0,mentioned_not_guessed,2
Иветта,7,True,1.0,0.7,mentioned_not_guessed,1
Роза,7,True,0.29,5.5,mentioned_not_guessed,3
Глиндочка,7,False,1.0,81.3,never_mentioned,0
Витальский,7,False,1.0,12.3,mentioned_not_guessed,1
Диана,7,True,1.0,0.3,mentioned_not_guessed,6
Дивизион,7,False,1.0,0.5,never_mentioned,0
Генри,7,True,1.0,73.4,never_mentioned,0
Мамор,7,True,1.0,0.4,never_mentioned,0
Волкодав,7,False,0.7,0.1,never_mentioned,0
Мица,7,False,1.0,0.9,never_mentioned,0
Сельскохозяйственный,7,False,1.0,25.6,never_mentioned,0
Грозный,7,True,0.16,1.3,mentioned_not_guessed,1
Трюдо,7,False,1.0,1.3,never_mentioned,0
Хьюберт,7,True,1.0,1.1,never_mentioned,0
Ирита,7,True,1.0,13.7,never_mentioned,0
Хонора,7,False,1.0,0.3,never_mentioned,0
Сомнительно,7,False,0.78,23.4,never_mentioned,0
Элиз,7,True,1.0,26.4,never_mentioned,0
Камилла,7,True,1.0,0.3,never_mentioned,0
Пейн,7,True,1.0,1.3,never_mentioned,0
Сольттерийский,7,False,1.0,0.9,never_mentioned,0
Харлока,7,False,1.0,23.9,never_mentioned,0
Уиллоу,6,True,1.0,0.5,mentioned_not_guessed,6
Киан,6,True,1.0,0.4,never_mentioned,0
Джошуа,6,True,1.0,0.9,never_mentioned,0
Шеф,6,False,0.86,0.4,never_mentioned,0
Флориан,6,True,1.0,0.3,never_mentioned,0
Пария,6,False,1.0,0.3,mentioned_not_guessed,2
Муй,6,False,1.0,1.0,never_mentioned,0
Роберт,6,True,1.0,0.3,mentioned_not_guessed,1
Карим,6,True,1.0,0.4,never_mentioned,0
Сенат,6,False,1.0,1.0,never_mentioned,0
Пылев,6,True,0.32,0.5,never_mentioned,0
Теодор,6,True,1.0,0.4,mentioned_not_guessed,1
Розить,6,False,1.0,0.3,never_mentioned,0
Ларри,6,True,1.0,0.7,never_mentioned,0
Перекомандировка,6,False,1.0,87.1,never_mentioned,0
Арбор,6,False,1.0,0.4,never_mentioned,0
Эдея,6,True,1.0,0.6,never_mentioned,0
Пастух,6,False,0.86,98.5,never_mentioned,0
Фульва,6,False,1.0,0.4,never_mentioned,0
Розенрота,6,False,1.0,0.5,never_mentioned,0
Аскарика,6,False,1.0,0.8,never_mentioned,0
Бронзвинг,6,False,1.0,0.7,live_guess,1
Поджигатель,6,False,0.86,0.2,never_mentioned,0
Дага,6,False,1.0,0.8,never_mentioned,0
Юдо,6,False,1.0,0.2,mentioned_not_guessed,2
Бертольд,6,True,1.0,1.1,mentioned_not_guessed,1
Николя,6,True,1.0,0.1,never_mentioned,0
Король-язычник,6,False,1.0,0.8,never_mentioned,0
Кагор,6,False,1.0,1.0,never_mentioned,0
Силус,6,False,1.0,98.7,never_mentioned,0
Орманид,6,False,1.0,0.8,mentioned_not_guessed,1
Альба,6,False,1.0,79.4,never_mentioned,0
Торчвика,6,False,1.0,0.5,eliminated,3
Луи,6,True,1.0,0.3,mentioned_not_guessed,1
Анант,6,True,1.0,0.6,never_mentioned,0
Андрастиан,6,True,1.0,0.5,never_mentioned,0
Лоно,6,False,0.86,0.4,never_mentioned,0
Гильда,6,True,1.0,0.6,never_mentioned,0
Харлок,6,True,1.0,54.2,never_mentioned,0
Леонардо,6,True,1.0,1.3,never_mentioned,0
Хаммерхольд,6,True,1.0,42.9,never_mentioned,0
Анне,6,True,1.0,3.5,never_mentioned,0
Перри,6,False,1.0,1.3,never_mentioned,0
Чжу,6,False,1.0,30.3,never_mentioned,0
Сет,6,False,1.0,53.7,never_mentioned,0
Дюрфор,6,False,1.0,54.0,mentioned_not_guessed,1
Серп,6,False,0.75,62.1,never_mentioned,0
Барбатаск,6,False,1.0,19.1,never_mentioned,0
Реагирование,6,False,1.0,9.7,never_mentioned,0
Аня,6,True,1.0,6.6,never_mentioned,0
Кастр,6,True,1.0,1.0,never_mentioned,0
Таянг,6,True,1.0,55.9,eliminated,3
Сапфировый,6,False,1.0,56.9,mentioned_not_guessed,3
Херово,6,False,0.86,4.0,never_mentioned,0
Дэйся,6,True,1.0,31.3,never_mentioned,0
Ормана,6,False,1.0,10.7,never_mentioned,0
Рейнджер,6,False,0.6,5.5,never_mentioned,0
Гриммовщина,6,False,0.86,41.4,mentioned_not_guessed,2
Озанна,6,True,1.0,39.6,mentioned_not_guessed,19
Лесник,6,False,0.86,20.6,never_mentioned,0
Вообще-то,6,False,1.0,16.8,mentioned_not_guessed,1
Вай-руйо,6,False,1.0,48.6,never_mentioned,0
Форэ,6,False,1.0,68.5,never_mentioned,0
Илия,6,True,1.0,46.2,eliminated,1
Гийома,6,False,1.0,43.1,mentioned_not_guessed,1
Кампа,6,False,1.0,65.3,never_mentioned,0
Кицунэ,6,True,1.0,46.7,never_mentioned,0
Старец,6,False,0.75,21.2,never_mentioned,0
Санктум,6,False,1.0,1.7,mentioned_not_guessed,1
Гейтс,6,True,1.0,40.6,never_mentioned,0
Дим,6,False,1.0,43.0,never_mentioned,0
Капитан-клятвопреступник,6,False,1.0,1.5,never_mentioned,0
Изувер,6,False,0.86,1.5,mentioned_not_guessed,1
Кресента,6,True,1.0,16.7,mentioned_not_guessed,3
Гастон,5,False,1.0,1.2,never_mentioned,0
Пиргос,5,False,1.0,30.7,never_mentioned,0
Пов,5,True,0.83,72.2,mentioned_not_guessed,12
Адель,5,True,1.0,0.7,mentioned_not_guessed,1
Взъяриться,5,False,0.62,6.2,never_mentioned,0
Джуниор,5,True,1.0,97.7,mentioned_not_guessed,3
Гриммбит,5,False,1.0,97.7,never_mentioned,0
Строитель,5,False,0.62,1.1,never_mentioned,0
Рон,5,True,1.0,0.3,never_mentioned,0
Охренеть,5,False,0.83,33.8,never_mentioned,0
Фенга,5,False,1.0,6.3,never_mentioned,0
Минекратос,5,True,1.0,0.4,never_mentioned,0
Пер,5,False,1.0,24.6,never_mentioned,0
Глоссарий,5,False,0.71,0.0,never_mentioned,0
Гоу,5,False,1.0,7.0,never_mentioned,0
Голдом,5,False,1.0,37.1,never_mentioned,0
Волкоёб,5,False,1.0,81.4,never_mentioned,0
Аоя,5,False,1.0,60.3,never_mentioned,0
Веббер,5,False,1.0,93.0,never_mentioned,0
Скарлета,5,True,1.0,0.3,never_mentioned,0
Акрисия,5,True,1.0,0.7,never_mentioned,0
Хань,5,False,1.0,7.0,never_mentioned,0
Сейдж,5,False,1.0,0.3,never_mentioned,0
Дюнкер,5,False,1.0,0.5,never_mentioned,0
Глинде,5,False,1.0,22.6,never_mentioned,0
Кореландер,5,False,1.0,38.5,never_mentioned,0
Азхар,5,True,1.0,0.3,never_mentioned,0
Траш,5,True,1.0,0.7,never_mentioned,0
Бейфонг,5,False,1.0,60.0,never_mentioned,0
Гримлэнд,5,False,1.0,49.4,never_mentioned,0
Клермона,5,True,1.0,34.9,never_mentioned,0
Драконоубийца,5,False,1.0,45.0,never_mentioned,0
Дзюйженя,5,True,1.0,0.7,never_mentioned,0
Озать,5,False,1.0,0.9,never_mentioned,0
Скорпион,5,False,0.62,17.8,never_mentioned,0
Кёнунгарда,5,False,1.0,47.8,never_mentioned,0
Аргусов,5,True,0.83,15.3,never_mentioned,0
Прорычать,5,False,0.71,67.5,never_mentioned,0
Роксом,5,False,1.0,18.2,never_mentioned,0
Мантикора,5,False,1.0,9.6,never_mentioned,0
Альбина,5,True,1.0,0.4,never_mentioned,0
Полендин,5,True,1.0,42.9,mentioned_not_guessed,3
Иса,5,True,1.0,42.9,never_mentioned,0
Озлема,5,False,1.0,3.6,never_mentioned,0
Стальнояйцевый,5,False,1.0,77.3,never_mentioned,0
Безмолствовать,5,False,1.0,0.9,mentioned_not_guessed,1
Ганаус,5,True,1.0,0.5,never_mentioned,0
Нуминор,5,False,1.0,0.3,never_mentioned,0
Даг,5,False,1.0,0.8,never_mentioned,0
Джорь,5,False,1.0,0.2,never_mentioned,0
Тэнкэн,5,True,1.0,0.4,never_mentioned,0
Пенни,5,False,1.0,51.0,eliminated,9
Олль,5,False,1.0,2.0,never_mentioned,0
Алорна,5,True,1.0,0.9,never_mentioned,0
Бальный,5,False,0.83,16.9,never_mentioned,0
Анти-аурный,5,False,1.0,46.1,never_mentioned,0
Спроул,5,False,1.0,0.5,never_mentioned,0
Умбра,5,False,1.0,78.2,never_mentioned,0
Ало,4,True,1.0,77.9,never_mentioned,0
Шаманьон,4,False,1.0,72.6,never_mentioned,0
Эдгар,4,True,1.0,1.0,never_mentioned,0
Алломунда,4,False,1.0,1.0,never_mentioned,0
Озирис,4,False,1.0,1.1,mentioned_not_guessed,4
Аква,4,False,1.0,0.7,never_mentioned,0
Хлодвиг,4,False,1.0,1.1,never_mentioned,0
Геррик,4,True,1.0,1.2,never_mentioned,0
Графит,4,False,1.0,0.7,never_mentioned,0
Лилиан,4,True,1.0,80.6,mentioned_not_guessed,1
Пересортировка,4,False,1.0,90.7,never_mentioned,0
Адик,4,True,1.0,49.2,never_mentioned,0
Бат,4,False,1.0,0.7,never_mentioned,0
Тирион,4,True,1.0,42.1,never_mentioned,0
Лимор,4,False,1.0,92.5,never_mentioned,0
Шелли,4,True,1.0,42.6,never_mentioned,0
Финн,4,False,1.0,42.6,never_mentioned,0
Бандзать,4,False,1.0,59.7,never_mentioned,0
Бурок,4,False,1.0,61.4,never_mentioned,0
Дур-дир,4,True,1.0,0.4,mentioned_not_guessed,1
Жон-жон,4,True,1.0,2.6,never_mentioned,0
Кромешник,4,False,1.0,67.2,never_mentioned,0
Аспен,4,False,1.0,0.7,never_mentioned,0
Копирайтер,4,False,1.0,1.5,never_mentioned,0
Антип,4,True,1.0,43.0,never_mentioned,0
Блосса,4,False,1.0,0.7,never_mentioned,0
Маршал,4,False,0.67,0.7,never_mentioned,0
Тао,4,False,1.0,1.0,never_mentioned,0
Чернолесье,4,False,1.0,0.8,never_mentioned,0
Альф,4,True,1.0,4.2,never_mentioned,0
Алистер,4,True,1.0,0.7,never_mentioned,0
Бэт,4,False,1.0,0.7,never_mentioned,0
Хай,4,False,1.0,1.0,never_mentioned,0
Здаров,4,True,1.0,72.6,mentioned_not_guessed,1
Дайчить,4,False,1.0,0.7,never_mentioned,0
Морриган,4,False,1.0,1.2,mentioned_not_guessed,1
Ахмар,4,True,1.0,63.9,never_mentioned,0
Олений,4,False,0.8,1.2,mentioned_not_guessed,1
Фатхи,4,True,1.0,0.7,never_mentioned,0
Гольстрим,4,False,1.0,67.9,never_mentioned,0
Косматый,4,False,1.0,0.9,never_mentioned,0
Левиафан,4,False,1.0,66.1,never_mentioned,0
Всепрощающий,4,False,1.0,1.4,never_mentioned,0
Куууурлааааа,4,False,1.0,17.3,never_mentioned,0
Ричать,4,False,1.0,50.8,never_mentioned,0
Барни,4,True,1.0,0.4,never_mentioned,0
Инь,4,False,1.0,21.8,never_mentioned,0
Бюффа,4,False,1.0,0.3,never_mentioned,0
Гретхен,4,True,1.0,95.6,never_mentioned,0
Василиас,4,True,1.0,0.3,never_mentioned,0
Величество,4,False,1.0,40.7,mentioned_not_guessed,6
Карт,4,True,1.0,41.1,never_mentioned,0
Пента,4,True,1.0,47.0,never_mentioned,0
Алоис,4,True,1.0,1.2,never_mentioned,0
Побочный,4,False,0.67,0.6,never_mentioned,0
Сетцурый,4,False,1.0,48.1,never_mentioned,0
Карл,4,True,1.0,0.7,never_mentioned,0
Пугало,4,False,1.0,55.1,never_mentioned,0
Ирма,4,True,1.0,57.9,mentioned_not_guessed,3
Безголовый,4,False,0.8,54.2,mentioned_not_guessed,1
Кэмпбелла,4,True,1.0,0.6,never_mentioned,0
Молниеносный,4,False,0.67,9.0,never_mentioned,0
Цепной,4,False,0.67,12.4,mentioned_not_guessed,1
Риччи,4,True,1.0,0.7,never_mentioned,0
Блэкман,4,True,1.0,43.0,never_mentioned,0
Банни,4,True,1.0,0.5,never_mentioned,0
Пинь,4,False,1.0,21.8,never_mentioned,0
Леонкура,4,False,1.0,82.3,never_mentioned,0
Вайся,4,True,1.0,22.1,never_mentioned,0
Гель,4,False,1.0,93.0,never_mentioned,0
Флорета,4,True,1.0,0.5,never_mentioned,0
Юймина,4,False,1.0,16.3,never_mentioned,0
Кандид,4,False,1.0,0.5,never_mentioned,0
Топорный,4,False,0.8,45.4,never_mentioned,0
Амитол,4,False,1.0,46.4,never_mentioned,0
Ям,4,False,1.0,90.0,never_mentioned,0
Элинор,4,True,1.0,41.2,never_mentioned,0
Момока,4,False,1.0,0.4,never_mentioned,0
Мание,4,False,1.0,0.5,eliminated,4
Чуть-чуть,4,False,1.0,26.9,never_mentioned,0
Леопольд,4,True,1.0,0.2,mentioned_not_guessed,13
Ругге,4,False,1.0,31.8,never_mentioned,0
Уса,4,False,1.0,25.4,mentioned_not_guessed,3
Пидорас,4,False,0.67,24.7,never_mentioned,0
Безэмоциональность,4,False,0.8,34.7,never_mentioned,0
Скарлетта-кнайта,4,True,1.0,96.7,never_mentioned,0
Пиррой,4,True,1.0,35.1,never_mentioned,0
Траша,4,False,1.0,22.8,never_mentioned,0
Ампер,4,False,1.0,0.3,never_mentioned,0
Полюбопытствовать,3,False,0.75,30.4,never_mentioned,0
Икар,3,True,1.0,0.6,never_mentioned,0
Салями,3,False,1.0,55.3,mentioned_not_guessed,2
Жан,3,True,1.0,72.0,mentioned_not_guessed,3
Сфинкс,3,False,1.0,51.6,never_mentioned,0
Автострада,3,False,1.0,51.6,never_mentioned,0
Магнолий,3,True,1.0,52.1,never_mentioned,0
Даная,3,True,1.0,0.7,never_mentioned,0
Хиэй,3,False,1.0,7.8,never_mentioned,0
Люблю-деньга,3,False,1.0,1.2,mentioned_not_guessed,1
Похоть,3,False,0.75,55.1,eliminated,2
Республика,3,False,0.75,1.1,mentioned_not_guessed,1
Пускай,3,False,0.75,32.4,never_mentioned,0
Нынче,3,False,0.6,87.6,never_mentioned,0
Кицуна,3,True,1.0,0.6,mentioned_not_guessed,6
Аркон,3,False,1.0,57.1,never_mentioned,0
Кое-что,3,False,1.0,56.3,never_mentioned,0
Нисколько,3,False,0.75,70.3,never_mentioned,0
Селестие,3,False,1.0,0.6,mentioned_not_guessed,1
Заммера,3,False,1.0,0.5,never_mentioned,0
Вскричать,3,False,0.6,9.3,never_mentioned,0
Эктон,3,False,1.0,0.6,never_mentioned,0
Имбирь,3,False,1.0,0.6,never_mentioned,0
Прореветь,3,False,0.75,61.5,never_mentioned,0
Отдышаться,3,False,1.0,7.0,never_mentioned,0
Николоть,3,False,1.0,1.2,never_mentioned,0
Рыцарь-бандит,3,False,1.0,1.3,never_mentioned,0
Лже-император,3,False,1.0,1.0,never_mentioned,0
Аржан,3,True,1.0,0.5,never_mentioned,0
Пиздабол,3,False,0.6,67.8,never_mentioned,0
Сюн,3,False,1.0,97.8,mentioned_not_guessed,1
Оригинальный,3,False,0.75,53.1,never_mentioned,0
Ренары,3,False,1.0,0.5,mentioned_not_guessed,1
Чайка,3,True,0.43,53.6,never_mentioned,0
Дов,3,True,1.0,0.7,never_mentioned,0
Морожёнка,3,False,1.0,19.3,never_mentioned,0
Сэтэр,3,False,1.0,62.7,never_mentioned,0
Оберон,3,True,1.0,72.0,never_mentioned,0
Гриммленд,3,False,1.0,0.7,mentioned_not_guessed,2
Тысячеликий,3,False,1.0,53.7,never_mentioned,0
Ченьцин,3,True,1.0,6.8,never_mentioned,0
Герберхаузер,3,False,1.0,49.1,never_mentioned,0
Уил,3,False,1.0,49.1,never_mentioned,0
Руфус,3,False,1.0,0.6,never_mentioned,0
Гундобад,3,False,1.0,58.1,never_mentioned,0
Мият,3,True,1.0,0.7,never_mentioned,0
Изумрудие,3,False,1.0,63.7,never_mentioned,0
Дилетант,3,False,1.0,58.6,never_mentioned,0
Помимо,3,False,0.75,12.3,mentioned_not_guessed,3
Гриммов,3,True,1.0,12.6,never_mentioned,0
Ченьциня,3,False,1.0,7.0,never_mentioned,0
Носил-меч,3,False,1.0,0.7,never_mentioned,0
Мореход,3,False,0.6,1.1,never_mentioned,0
Яцухаша,3,False,1.0,0.7,never_mentioned,0
Джугэ,3,False,1.0,9.0,never_mentioned,0
Хмф,3,False,1.0,27.7,never_mentioned,0
Прикрикнуть,3,False,0.75,4.4,never_mentioned,0
Гримм-динозавр,3,True,1.0,12.7,never_mentioned,0
Фокс,3,False,1.0,0.7,never_mentioned,0
Лола,3,True,1.0,0.5,mentioned_not_guessed,1
Фулев,3,False,1.0,87.6,never_mentioned,0
Давненько,3,False,0.6,6.0,never_mentioned,0
Кинни,3,True,1.0,26.8,never_mentioned,0
Орало,3,False,0.6,27.9,never_mentioned,0
Искусительница,3,False,1.0,61.3,never_mentioned,0
Тысячеглазый,3,False,1.0,0.9,never_mentioned,0
Дейзи,3,False,1.0,79.5,never_mentioned,0
Жюля,3,True,1.0,0.3,never_mentioned,0
Коул,3,False,1.0,0.5,never_mentioned,0
Цугнус,3,False,1.0,0.4,never_mentioned,0
Запротестовать,3,False,1.0,20.8,never_mentioned,0
Бикон,3,False,1.0,2.0,never_mentioned,0
Клермонский,3,False,0.75,1.8,never_mentioned,0
Аркадий,3,True,1.0,35.1,mentioned_not_guessed,1
Гидра,3,False,1.0,0.3,mentioned_not_guessed,1
Кросс-континентальный,3,False,1.0,15.3,never_mentioned,0
Роуд,3,False,1.0,44.7,never_mentioned,0
Вот-вот,3,False,1.0,15.1,never_mentioned,0
Астра,3,False,1.0,15.0,never_mentioned,0
Алломунд,3,True,1.0,0.8,never_mentioned,0
Хрисаор,3,False,1.0,36.9,never_mentioned,0
Гайкотс,3,True,1.0,1.3,never_mentioned,0
Собор,3,False,0.75,45.4,never_mentioned,0
Гримматизм,3,False,1.0,97.5,never_mentioned,0
Сёгунат,3,False,1.0,0.9,never_mentioned,0
Лей,3,False,1.0,0.3,never_mentioned,0
Браный,3,False,1.0,0.8,never_mentioned,0
Инквизиция,3,False,1.0,72.8,never_mentioned,0
Септима,3,False,1.0,0.4,never_mentioned,0
Крол-роять,3,False,1.0,64.0,never_mentioned,0
Горьковатый,3,False,0.75,65.2,never_mentioned,0
Афган,3,True,1.0,66.4,never_mentioned,0
Лютериус,3,False,1.0,0.4,never_mentioned,0
Форэйский,3,False,0.6,0.9,never_mentioned,0
Дук-тот,3,False,1.0,37.0,never_mentioned,0
Карди,3,True,1.0,65.9,never_mentioned,0
Белоснежок,3,False,1.0,17.1,never_mentioned,0
Завязаться,3,False,0.6,75.6,never_mentioned,0
Шиза,3,True,0.75,74.6,mentioned_not_guessed,1
Йонить,3,False,1.0,0.4,never_mentioned,0
Царь-пастух,3,False,1.0,1.4,never_mentioned,0
Созыв,3,False,0.75,1.0,never_mentioned,0
Пеннат,3,False,1.0,0.4,never_mentioned,0
Лощина,3,False,1.0,42.2,never_mentioned,0
Фух,3,False,1.0,18.9,never_mentioned,0
Синдёр,3,False,1.0,42.3,eliminated,19
Фауст,3,True,1.0,1.0,never_mentioned,0
Фолл,3,False,1.0,42.3,mentioned_not_guessed,5
Айронхайд,3,False,1.0,0.4,never_mentioned,0
Чернописец,3,False,1.0,42.3,never_mentioned,0
Аним,3,False,1.0,1.0,never_mentioned,0
Уэйв,3,False,1.0,0.5,never_mentioned,0
Лансер,3,True,1.0,75.3,never_mentioned,0
Мечосечь,3,False,1.0,0.9,never_mentioned,0
Глиссанда,3,True,1.0,1.0,never_mentioned,0
Эйвить,3,False,1.0,0.4,never_mentioned,0
Фууа,3,True,1.0,17.8,never_mentioned,0
Ривейра,3,True,1.0,0.9,never_mentioned,0
Отцеубийца,3,False,0.6,41.9,mentioned_not_guessed,1
Жонни-бой,3,True,1.0,21.9,mentioned_not_guessed,1
Одзиг,3,False,1.0,39.3,never_mentioned,0
Кукловод,3,False,1.0,68.5,never_mentioned,0
Уууа,3,True,1.0,20.7,never_mentioned,0
Майнсесть,3,False,1.0,41.0,never_mentioned,0
Блэквэлла,3,True,1.0,19.7,never_mentioned,0
Анти-титан,3,False,1.0,68.8,never_mentioned,0
Филиппеть,3,False,1.0,0.9,never_mentioned,0
Ларка,3,False,1.0,21.0,never_mentioned,0
Флёр,3,False,0.6,0.3,never_mentioned,0
Гриммолюб,3,False,1.0,1.5,never_mentioned,0
Миять,3,False,1.0,20.6,never_mentioned,0
Блеквелл,3,False,1.0,73.7,never_mentioned,0
Карамбира,3,False,1.0,69.0,never_mentioned,0
Роситой,2,False,1.0,23.6,never_mentioned,0
Девид,2,True,1.0,0.3,never_mentioned,0
Камень-ножницы,2,False,1.0,5.1,never_mentioned,0
Гримм-носорог,2,True,1.0,1.1,never_mentioned,0
Озль,2,False,1.0,1.1,mentioned_not_guessed,2
Оушный,2,False,1.0,0.3,never_mentioned,0
Борис,2,True,1.0,9.7,never_mentioned,0
Альбусы,2,False,1.0,0.3,never_mentioned,0
Пинк,2,False,1.0,0.3,never_mentioned,0
Уайт,2,True,1.0,44.9,never_mentioned,0
Морветур,2,False,1.0,0.8,never_mentioned,0
Лейла,2,True,1.0,1.2,never_mentioned,0
Винчестер-инквизитор,2,False,1.0,1.2,never_mentioned,0
Клермоне,2,True,1.0,24.4,never_mentioned,0
Халид,2,True,1.0,0.5,never_mentioned,0
Хакк,2,False,1.0,0.5,never_mentioned,0
Гиндукуш,2,False,1.0,9.5,never_mentioned,0
Манжента,2,True,1.0,0.3,never_mentioned,0
Укун,2,False,1.0,0.3,never_mentioned,0
Золотоязыкий,2,False,1.0,0.8,never_mentioned,0
Атаульф,2,True,1.0,0.8,never_mentioned,0
Йормунг,2,False,1.0,0.8,never_mentioned,0
Вестник,2,False,0.67,5.9,never_mentioned,0
Женщина-лекарь,2,False,1.0,9.7,never_mentioned,0
Багдади,2,True,1.0,0.5,never_mentioned,0
Сайрусый,2,False,1.0,0.5,never_mentioned,0
Гарнет,2,False,1.0,0.5,eliminated,1
Абдуррахман,2,True,1.0,0.5,never_mentioned,0
Рид,2,True,1.0,0.5,never_mentioned,0
Ченьцинь,2,False,1.0,6.9,never_mentioned,0
Авгульф,2,True,1.0,1.1,never_mentioned,0
Багбар,2,False,1.0,0.8,never_mentioned,0
Фабия,2,True,1.0,0.4,eliminated,1
Иван,2,True,1.0,89.9,mentioned_not_guessed,11
Ривейрский,2,False,0.67,0.9,never_mentioned,0
Агрессивно,2,False,0.67,44.3,never_mentioned,0
Регна,2,False,1.0,78.2,never_mentioned,0
Похвалиться,2,False,1.0,43.6,never_mentioned,0
Лемурия,2,False,1.0,88.4,never_mentioned,0
Писец,2,False,1.0,43.3,never_mentioned,0
Момый,2,False,1.0,88.6,never_mentioned,0
Гримленд,2,False,1.0,43.2,never_mentioned,0
Золотоголовый,2,False,0.67,88.8,never_mentioned,0
Узурпатор,2,False,0.67,88.8,never_mentioned,0
Айровить,2,False,1.0,64.8,never_mentioned,0
Сынов,2,False,0.67,89.0,never_mentioned,0
Цезария,2,True,1.0,89.6,never_mentioned,0
Зеус,2,False,1.0,43.1,never_mentioned,0
Знаменосец,2,False,0.67,27.5,never_mentioned,0
Риббенскауза,2,False,1.0,0.5,never_mentioned,0
Ария,2,False,1.0,100.0,mentioned_not_guessed,1
Микайо,2,True,1.0,0.4,never_mentioned,0
Магнус,2,True,1.0,1.1,never_mentioned,0
Нет-нуть,2,False,1.0,5.1,never_mentioned,0
Брунгильда,2,True,1.0,1.1,never_mentioned,0
Рановато,2,False,0.67,5.4,never_mentioned,0
Пфу,2,False,1.0,16.0,never_mentioned,0
Стрёкот,2,False,1.0,5.5,never_mentioned,0
Камберов,2,True,1.0,1.1,never_mentioned,0
Вэй,2,False,1.0,0.4,never_mentioned,0
Райнер,2,True,1.0,0.5,never_mentioned,0
Алафрид,2,True,1.0,1.1,never_mentioned,0
Девушка-фавн,2,False,1.0,23.8,never_mentioned,0
Алкид,2,False,1.0,5.8,never_mentioned,0
Кукольник,2,False,1.0,0.9,never_mentioned,0
Братва,2,False,0.67,0.7,never_mentioned,0
Ноэд,2,True,1.0,8.0,never_mentioned,0
Ооо,2,False,1.0,2.2,never_mentioned,0
Офигеть,2,False,1.0,26.1,never_mentioned,0
Янь-янить,2,False,1.0,26.1,never_mentioned,0
Откашляться,2,False,0.67,10.0,never_mentioned,0
Гриммовый,2,False,1.0,3.9,never_mentioned,0
Зашелестеть,2,False,0.67,12.8,never_mentioned,0
Новоявленный,2,False,1.0,1.4,never_mentioned,0
Корабль-гримм,2,False,1.0,1.5,never_mentioned,0
Братоубийца,2,False,1.0,0.2,never_mentioned,0
Уайтереть,2,False,1.0,0.3,never_mentioned,0
Котт-арк,2,True,1.0,0.1,never_mentioned,0
Затараторить,2,False,1.0,1.5,never_mentioned,0
Тайджитсу,2,False,1.0,3.4,never_mentioned,0
Тьерри,2,True,1.0,0.1,never_mentioned,0
Зверолюдов,2,True,1.0,1.5,mentioned_not_guessed,1
Куда-то,2,False,1.0,10.2,never_mentioned,0
Листопад,2,False,0.67,1.5,never_mentioned,0
Брюзга,2,False,0.67,2.1,never_mentioned,0
Эли,2,True,1.0,26.6,never_mentioned,0
Хонор,2,False,1.0,0.3,never_mentioned,0
Грендель,2,False,1.0,9.8,mentioned_not_guessed,1
Морально,2,False,0.67,10.4,never_mentioned,0
Рейнальда,2,True,1.0,1.3,mentioned_not_guessed,1
Девятиглавый,2,False,1.0,0.3,never_mentioned,0
Тестудо,2,True,1.0,4.1,never_mentioned,0
Человек-фронт,2,False,1.0,1.3,never_mentioned,0
Круассан,2,True,0.14,10.9,never_mentioned,0
Анселить,2,False,1.0,1.3,never_mentioned,0
Почтальон,2,False,0.67,14.3,never_mentioned,0
Эрваный,2,False,1.0,1.9,never_mentioned,0
Голденгифт,2,False,1.0,0.7,never_mentioned,0
Конструктор,2,False,1.0,1.3,never_mentioned,0
Ибрахим,2,True,1.0,0.5,never_mentioned,0
Гритча,2,False,1.0,9.9,never_mentioned,0
Сайф,2,False,1.0,0.5,never_mentioned,0
Смотреть-ка,2,False,1.0,7.4,never_mentioned,0
Вау,2,False,0.67,18.6,never_mentioned,0
Дэйзи,2,False,1.0,0.5,never_mentioned,0
Ральф,2,True,1.0,0.9,never_mentioned,0
Фэй,2,False,1.0,7.1,never_mentioned,0
Фарх,2,False,1.0,0.5,never_mentioned,0
Свящёный,2,False,1.0,0.9,mentioned_not_guessed,1
Урсоя,2,False,1.0,17.7,never_mentioned,0
Джет,2,False,1.0,0.5,never_mentioned,0
Что-нибудь,2,False,1.0,23.4,mentioned_not_guessed,1
Арковскай,2,False,1.0,16.3,never_mentioned,0
Слыш,2,False,1.0,6.2,never_mentioned,0
Вип-вип,2,False,1.0,23.2,never_mentioned,0
Алкида,2,True,1.0,1.0,never_mentioned,0
Рассело,2,False,1.0,22.8,never_mentioned,0
Пффф,2,False,1.0,22.7,never_mentioned,0
Гуркул,2,True,1.0,1.0,never_mentioned,0
Мадзина,2,True,0.22,7.8,never_mentioned,0
Кира,2,True,1.0,1.0,never_mentioned,0
Удачно,2,False,0.67,17.1,never_mentioned,0
Морфей,2,True,1.0,17.1,never_mentioned,0
Корвус,2,False,1.0,0.9,never_mentioned,0
Зёрнышко,2,False,1.0,7.8,never_mentioned,0
Ориген,2,False,1.0,0.8,never_mentioned,0
Николаевич,2,True,1.0,9.7,never_mentioned,0
Катана,2,True,0.08,7.2,never_mentioned,0
Обетованный,2,False,1.0,1.4,never_mentioned,0
Орман,2,True,1.0,0.8,never_mentioned,0
Ланкастер,2,False,1.0,44.7,mentioned_not_guessed,18
Длинноволосый,2,False,0.67,25.2,never_mentioned,0
Набережная,2,False,1.0,64.3,never_mentioned,0
Манхильда,2,True,1.0,32.5,never_mentioned,0
Фавн-медоед,2,False,1.0,35.3,never_mentioned,0
Ректор,2,False,1.0,98.4,never_mentioned,0
Злюка,2,False,1.0,37.6,never_mentioned,0
Неотвратный,2,False,1.0,38.4,never_mentioned,0
Бобёр,2,False,0.67,30.6,never_mentioned,0
Поделом,2,False,1.0,31.2,never_mentioned,0
Охохо,2,False,1.0,37.8,never_mentioned,0
Сволочь,2,False,0.67,96.2,never_mentioned,0
Превосходно,2,False,0.67,70.5,never_mentioned,0
Обманщик,2,False,1.0,32.0,never_mentioned,0
Крестовый,2,False,1.0,32.0,never_mentioned,0
Вынуть,2,False,0.67,69.4,never_mentioned,0
Вересковый,2,False,0.67,32.3,never_mentioned,0
Малютка-кротовар,2,False,1.0,32.3,mentioned_not_guessed,2
Молочай,2,False,1.0,32.6,never_mentioned,0
Маттиас,2,False,1.0,49.4,never_mentioned,0
Цветковый,2,False,1.0,32.8,never_mentioned,0
Трансгрессия,2,False,1.0,36.3,never_mentioned,0
Дюраном,2,False,1.0,36.0,never_mentioned,0
Уайтер,2,False,1.0,59.3,never_mentioned,0
Талмайя,2,True,1.0,42.9,never_mentioned,0
Пейный,2,False,1.0,69.0,never_mentioned,0
Тарный,2,False,1.0,86.8,never_mentioned,0
Перепутать,2,False,0.67,51.4,never_mentioned,0
Требовательно,2,False,0.67,51.2,never_mentioned,0
Перевод,2,False,0.67,63.6,never_mentioned,0
Заварка,2,False,1.0,50.3,never_mentioned,0
Хей,2,False,1.0,49.5,never_mentioned,0
Ёбаный,2,False,1.0,80.1,never_mentioned,0
Элохим,2,False,1.0,86.4,mentioned_not_guessed,3
Ааааа,2,False,1.0,35.2,mentioned_not_guessed,1
Яшмовый,2,False,1.0,69.7,never_mentioned,0
Далее,2,False,0.67,34.5,never_mentioned,0
Агентура,2,False,1.0,34.6,never_mentioned,0
Вейл-бикон,2,False,1.0,45.0,never_mentioned,0
Дать-ка,2,False,1.0,73.1,mentioned_not_guessed,1
Хэй,2,False,1.0,34.0,never_mentioned,0
Шанталя,2,True,1.0,98.7,never_mentioned,0
Похвально,2,False,0.67,38.6,never_mentioned,0
Виталик,2,True,1.0,38.9,never_mentioned,0
Бармаглот,2,False,1.0,29.4,mentioned_not_guessed,6
Кроки,2,False,1.0,27.9,never_mentioned,0
Здраствовать,2,False,0.67,95.6,never_mentioned,0
Маркнола,2,False,1.0,27.8,never_mentioned,0
Мориарти,2,True,1.0,27.7,never_mentioned,0
Эйзенберг,2,True,1.0,95.6,never_mentioned,0
Брюнетка,2,False,0.67,38.4,never_mentioned,0
Сюй,2,False,1.0,69.3,never_mentioned,0
Фуять,2,False,1.0,30.5,never_mentioned,0
Простонать,2,False,1.0,72.9,never_mentioned,0
Еле-еле,2,False,1.0,70.2,never_mentioned,0
Лордство,2,False,0.67,35.1,never_mentioned,0
Северо-восточный,2,False,1.0,35.1,never_mentioned,0
Слепянка,2,True,1.0,96.6,never_mentioned,0
Наездник,2,False,1.0,33.0,mentioned_not_guessed,1
Именной,2,False,0.67,34.9,never_mentioned,0
Крига,2,False,1.0,33.1,never_mentioned,0
Акен,2,True,1.0,97.1,never_mentioned,0
Столетний,2,False,0.67,35.2,never_mentioned,0
Лотар,2,True,1.0,33.5,never_mentioned,0
Амьенсковать,2,False,1.0,72.8,mentioned_not_guessed,2
Сукин,2,False,0.67,97.7,never_mentioned,0
Бомбочка,2,False,1.0,72.7,never_mentioned,0
Эбервельд,2,False,1.0,49.4,never_mentioned,0
Тогда-то,2,False,1.0,30.1,never_mentioned,0
Пурпурный,2,False,0.67,48.9,never_mentioned,0
Погибельный,2,False,1.0,83.4,never_mentioned,0
Таксон,2,False,1.0,46.0,mentioned_not_guessed,1
Альберия,2,True,1.0,88.1,never_mentioned,0
Голубиный,2,False,1.0,45.4,never_mentioned,0
Наёбщик,2,False,1.0,74.6,never_mentioned,0
Яблочный,2,False,1.0,42.9,never_mentioned,0
Тео,2,False,1.0,42.9,never_mentioned,0
Повов,2,False,1.0,66.4,never_mentioned,0
Вечеря,2,False,1.0,42.9,never_mentioned,0
Всего-то,2,False,1.0,42.9,never_mentioned,0
Ощутимый,2,False,0.67,90.1,never_mentioned,0
Приютский,2,False,0.67,42.4,never_mentioned,0
Пляжный,2,False,1.0,67.7,never_mentioned,0
Майрмикодон,2,False,1.0,75.3,never_mentioned,0
Вейв,2,False,1.0,42.2,never_mentioned,0
Лев,2,True,0.22,78.4,mentioned_not_guessed,1
Лазурный,2,False,1.0,68.0,never_mentioned,0
Бета,2,False,1.0,42.0,never_mentioned,0
Коп,2,False,1.0,92.7,never_mentioned,0
Алорном,2,False,1.0,68.4,never_mentioned,0
Безалаберность,2,False,0.67,68.5,never_mentioned,0
Уничтожитель,2,False,1.0,93.8,never_mentioned,0
Мертенэстера,2,True,1.0,27.1,never_mentioned,0
Сердцелёд,2,True,1.0,95.0,never_mentioned,0
Зигга,2,True,1.0,40.2,never_mentioned,0
Холоднорукий,2,False,1.0,43.0,mentioned_not_guessed,3
Сперва,2,False,0.67,65.2,never_mentioned,0
Ролл,2,False,0.67,77.2,never_mentioned,0
Голодать,2,False,0.67,51.7,never_mentioned,0
Грин,2,True,1.0,45.2,never_mentioned,0
Голь,2,False,0.67,63.6,never_mentioned,0
Внемлить,2,False,0.67,75.7,never_mentioned,0
Шапочка,2,False,1.0,83.3,never_mentioned,0
Жончик,2,True,1.0,58.7,mentioned_not_guessed,1
Нисуаз,2,False,1.0,53.6,never_mentioned,0
Леон,2,True,1.0,79.8,eliminated,81
Угнать,2,False,1.0,63.9,never_mentioned,0
Повый,2,False,1.0,63.6,never_mentioned,0
Кхрююк,2,True,1.0,47.0,never_mentioned,0
Библа,2,True,1.0,47.0,never_mentioned,0
Бра,2,False,1.0,87.7,never_mentioned,0
Некромантовый,2,False,1.0,78.9,never_mentioned,0
Пифия,2,False,1.0,78.6,never_mentioned,0
Фульгур,2,False,1.0,86.4,never_mentioned,0
Человек-вампир,2,False,1.0,51.8,never_mentioned,0
Жертвенность,2,False,1.0,40.0,never_mentioned,0
Заг-заг,2,False,1.0,82.8,never_mentioned,0
Тудея,2,True,0.67,58.8,never_mentioned,0
Кёнунгардский,2,False,1.0,47.8,never_mentioned,0
Акимица,2,False,1.0,60.3,never_mentioned,0
Дон,2,True,1.0,55.3,mentioned_not_guessed,1
Теперь-то,2,False,1.0,58.3,never_mentioned,0
Прорывный,2,False,1.0,61.8,never_mentioned,0
Фабрис,2,True,1.0,54.6,never_mentioned,0
Рейко,2,False,1.0,61.6,never_mentioned,0
Блуза,2,False,1.0,52.8,never_mentioned,0
Блекторный,2,False,1.0,80.2,never_mentioned,0
Дотать,2,False,1.0,62.1,never_mentioned,0
Хатт,2,False,1.0,56.7,never_mentioned,0
Курлааа,2,False,1.0,60.7,never_mentioned,0
Гримм-дракон,2,True,1.0,57.8,never_mentioned,0
Вырубать,2,False,0.67,82.4,never_mentioned,0
Эйтый,2,False,1.0,60.3,never_mentioned,0
Запихать,1,False,1.0,30.4,never_mentioned,0
Суматошный,1,False,1.0,32.8,never_mentioned,0
Кхааа,1,False,1.0,37.2,never_mentioned,0
Всё-всё,1,False,1.0,32.7,never_mentioned,0
Воздушка,1,False,1.0,32.7,never_mentioned,0
Смирить,1,False,1.0,29.3,never_mentioned,0
Кэт,1,False,1.0,26.6,never_mentioned,0
Ника,1,True,1.0,29.8,never_mentioned,0
Девочка-фавн,1,False,1.0,29.7,never_mentioned,0
Блюй,1,False,1.0,26.7,never_mentioned,0
Бот-лорд,1,False,1.0,34.7,never_mentioned,0
Магфират,1,True,1.0,29.4,mentioned_not_guessed,2
Вселенец,1,False,1.0,0.0,never_mentioned,0
Орболенный,1,False,1.0,24.2,never_mentioned,0
Анти-гримм,1,True,1.0,34.9,never_mentioned,0
Бёртс,1,True,1.0,24.3,never_mentioned,0
Дарт,1,True,1.0,24.3,never_mentioned,0
Вымывать,1,False,1.0,35.0,never_mentioned,0
Хайден,1,True,1.0,24.2,never_mentioned,0
Аркадия,1,False,1.0,35.1,mentioned_not_guessed,1
Балдуин,1,False,1.0,24.2,never_mentioned,0
Аластор,1,False,1.0,24.2,never_mentioned,0
Аркадианский,1,False,1.0,35.2,never_mentioned,0
Рониал,1,False,1.0,24.2,never_mentioned,0
Экспедиционный,1,False,1.0,24.1,never_mentioned,0
Добровольческий,1,False,1.0,24.1,never_mentioned,0
Вычленить,1,False,1.0,35.7,never_mentioned,0
Разгрузиться,1,False,1.0,28.5,never_mentioned,0
Лисёнок,1,False,1.0,27.7,never_mentioned,0
Ирландский,1,False,1.0,28.5,never_mentioned,0
Кам,1,False,1.0,28.4,never_mentioned,0
Кладезь,1,False,1.0,25.9,never_mentioned,0
Шем,1,False,1.0,23.9,mentioned_not_guessed,2
Взбалмошный,1,False,1.0,25.8,never_mentioned,0
Уйхууа,1,True,1.0,32.6,never_mentioned,0
Ухудшать,1,False,1.0,32.6,never_mentioned,0
Гримм-горилла,1,False,1.0,32.6,never_mentioned,0
Формация,1,False,1.0,32.7,never_mentioned,0
Нежеланный,1,False,1.0,26.4,never_mentioned,0
Локо,1,False,1.0,30.5,never_mentioned,0
Фавнолюба,1,True,1.0,26.5,never_mentioned,0
Удручающий,1,False,1.0,28.0,never_mentioned,0
Охнуть,1,False,1.0,27.4,never_mentioned,0
Бабахнуть,1,False,1.0,27.5,never_mentioned,0
Дабла-кила,1,True,1.0,27.1,never_mentioned,0
Удрать,1,False,1.0,27.6,never_mentioned,0
Спафибо,1,False,1.0,27.6,never_mentioned,0
Роу,1,False,1.0,27.1,never_mentioned,0
Фавн-кролик,1,False,1.0,27.0,never_mentioned,0
Инта,1,False,1.0,26.8,never_mentioned,0
Общеизвестно,1,False,1.0,27.8,never_mentioned,0
Инт,1,False,1.0,26.8,never_mentioned,0
Вейл-почта,1,False,1.0,26.7,never_mentioned,0
Вейлгрум,1,False,1.0,28.0,never_mentioned,0
Вчетвёр,1,False,1.0,28.1,never_mentioned,0
Блюменталь,1,False,1.0,26.6,never_mentioned,0
Изв,1,False,1.0,28.2,never_mentioned,0
Внучок,1,False,1.0,28.4,never_mentioned,0
Убойный,1,False,1.0,35.8,never_mentioned,0
Построиться,1,False,1.0,34.6,never_mentioned,0
Трогай-бедный,1,False,1.0,36.0,never_mentioned,0
Транш,1,False,1.0,36.1,never_mentioned,0
Пха,1,False,1.0,33.8,mentioned_not_guessed,1
Солнышко,1,False,1.0,34.0,never_mentioned,0
Генрих,1,True,1.0,34.3,mentioned_not_guessed,1
Ройдех,1,True,1.0,34.3,never_mentioned,0
Кавалерист,1,False,1.0,34.4,never_mentioned,0
Трусишка,1,False,1.0,25.2,never_mentioned,0
Таймер,1,False,1.0,34.6,never_mentioned,0
Конвенция,1,False,1.0,34.6,mentioned_not_guessed,1
Шарль,1,True,1.0,25.1,never_mentioned,0
Вековечный,1,False,1.0,34.6,never_mentioned,0
Карлица,1,False,1.0,24.9,never_mentioned,0
Тазовый,1,False,1.0,13.0,never_mentioned,0
Ребристый,1,False,1.0,13.0,never_mentioned,0
Ооооо,1,False,1.0,47.0,never_mentioned,0
Шлюхан,1,False,1.0,62.9,never_mentioned,0
Так-то,1,False,1.0,59.9,never_mentioned,0
Телеграмма,1,False,1.0,59.9,never_mentioned,0
Хмм,1,False,1.0,5.5,never_mentioned,0
Блатик,1,True,1.0,5.2,never_mentioned,0
Коренастый,1,False,1.0,60.4,never_mentioned,0
Резво,1,False,1.0,60.4,never_mentioned,0
Рыцарь-ветеран,1,False,1.0,60.5,never_mentioned,0
Деревня-крепость,1,False,1.0,60.5,never_mentioned,0
Ури,1,False,1.0,60.7,never_mentioned,0
Анс,1,True,1.0,60.7,never_mentioned,0
Артобстрел,1,False,1.0,61.0,never_mentioned,0
Совестно,1,False,1.0,32.4,mentioned_not_guessed,1
Лунатик-юзман,1,False,1.0,25.2,never_mentioned,0
Культурно,1,False,1.0,33.6,never_mentioned,0
Отчуждённо,1,False,1.0,33.6,never_mentioned,0
Сойль,1,False,1.0,24.7,never_mentioned,0
Вай,1,False,1.0,36.2,never_mentioned,0
Куууурлааа,1,False,1.0,36.3,never_mentioned,0
Я-то,1,False,1.0,36.4,never_mentioned,0
Четыре-пять,1,False,1.0,36.5,never_mentioned,0
Аааа,1,False,1.0,36.5,never_mentioned,0
Расцветить,1,False,1.0,36.7,never_mentioned,0
Удивлёный,1,False,1.0,23.6,never_mentioned,0
Дук,1,False,1.0,37.0,never_mentioned,0
Универсалис,1,False,1.0,37.1,never_mentioned,0
Неееть,1,False,1.0,23.5,never_mentioned,0
Рабовладелец,1,False,1.0,34.7,never_mentioned,0
Дедушка-кролик,1,False,1.0,24.4,never_mentioned,0
Несдать,1,False,1.0,25.3,never_mentioned,0
Зелёнка,1,False,1.0,33.5,never_mentioned,0
Валленштайна,1,False,1.0,25.7,mentioned_not_guessed,7
Морзе,1,False,1.0,32.8,never_mentioned,0
Лавандовый,1,False,1.0,25.7,never_mentioned,0
Колор,1,False,1.0,25.7,never_mentioned,0
Кенуградский,1,False,1.0,33.1,never_mentioned,0
Нобл,1,False,1.0,25.7,never_mentioned,0
Врубиться,1,False,1.0,33.2,never_mentioned,0
Льюис,1,True,1.0,33.3,eliminated,2
Стивенсон,1,True,1.0,33.3,never_mentioned,0
Мельница,1,False,1.0,33.3,never_mentioned,0
Виталя,1,True,1.0,33.3,never_mentioned,0
Что-что,1,False,1.0,25.4,never_mentioned,0
Леий,1,False,1.0,26.0,never_mentioned,0
Старик-рыцарь,1,False,1.0,46.6,never_mentioned,0
Щуриться,1,False,1.0,32.3,mentioned_not_guessed,1
Киз,1,False,1.0,26.0,never_mentioned,0
Гримье,1,False,1.0,17.7,never_mentioned,0
Титаник,1,False,1.0,37.5,never_mentioned,0
Ближний-дальний,1,False,1.0,17.6,never_mentioned,0
Кнайта,1,True,1.0,44.9,never_mentioned,0
Записной,1,False,1.0,14.7,never_mentioned,0
Простить-простить,1,False,1.0,14.6,never_mentioned,0
Крэга,1,True,1.0,45.0,never_mentioned,0
Атласианец-турист,1,False,1.0,45.0,never_mentioned,0
Боязливо-уважительный,1,False,1.0,45.1,never_mentioned,0
Непентес,1,False,1.0,45.2,never_mentioned,0
Престижно,1,False,1.0,14.6,never_mentioned,0
Мальчик-фавн,1,False,1.0,45.2,never_mentioned,0
Кофеварка,1,False,1.0,14.5,never_mentioned,0
Идиллия,1,False,1.0,14.3,never_mentioned,0
Автоответчик,1,False,1.0,45.5,never_mentioned,0
Фулкса,1,False,1.0,45.6,never_mentioned,0
Филча,1,False,1.0,45.7,never_mentioned,0
Грисовый,1,False,1.0,45.8,never_mentioned,0
Нахлебаться,1,False,1.0,14.1,never_mentioned,0
Вручать,1,False,1.0,14.0,never_mentioned,0
Окститься,1,False,1.0,14.0,never_mentioned,0
Бечь,1,False,1.0,46.2,never_mentioned,0
Мирт,1,False,1.0,13.7,never_mentioned,0
Амитола,1,False,1.0,46.2,never_mentioned,0
Калла,1,False,1.0,13.7,never_mentioned,0
Киана,1,False,1.0,61.2,mentioned_not_guessed,1
Дьявольский,1,False,1.0,46.6,never_mentioned,0
Нехер,1,False,1.0,17.8,never_mentioned,0
Фабрикация,1,False,1.0,40.8,never_mentioned,0
Лаять,1,False,1.0,40.7,never_mentioned,0
Озанном,1,False,1.0,39.6,mentioned_not_guessed,1
Ужесточить,1,False,1.0,39.8,never_mentioned,0
Пистолет-автомат,1,False,1.0,23.4,never_mentioned,0
Хооо,1,False,1.0,23.3,never_mentioned,0
Довом,1,False,1.0,22.8,never_mentioned,0
Протект,1,False,1.0,22.7,mentioned_not_guessed,2
Хмпф,1,False,1.0,22.7,never_mentioned,0
Подводник,1,False,1.0,38.6,never_mentioned,0
Елейный,1,False,1.0,22.3,never_mentioned,0
Лидер-бой,1,False,1.0,22.3,never_mentioned,0
Вспылить,1,False,1.0,39.1,never_mentioned,0
Дааа,1,False,1.0,21.5,mentioned_not_guessed,1
Задаться,1,False,1.0,21.3,never_mentioned,0
Реквизировать,1,False,1.0,39.6,never_mentioned,0
Замечтаться,1,False,1.0,40.7,never_mentioned,0
Прорекламировать,1,False,1.0,39.8,never_mentioned,0
Йоландом,1,False,1.0,40.9,never_mentioned,0
Рейтинг,1,False,1.0,21.3,never_mentioned,0
Люксион,1,True,1.0,40.0,never_mentioned,0
Гриммланда,1,True,1.0,21.3,never_mentioned,0
Медяшка,1,False,1.0,21.1,never_mentioned,0
Грубиянка,1,False,1.0,20.9,never_mentioned,0
Возмутительный,1,False,1.0,40.6,never_mentioned,0
Студент-первокурсник,1,False,1.0,40.6,never_mentioned,0
Хмвф,1,False,1.0,20.9,never_mentioned,0
Лидер-жонни,1,False,1.0,40.6,never_mentioned,0
Договаривать,1,False,1.0,20.9,never_mentioned,0
Воссоединиться,1,False,1.0,13.2,never_mentioned,0
Незаконченный,1,False,1.0,13.2,never_mentioned,0
Ярко-рыжий,1,False,1.0,46.7,never_mentioned,0
Преклоняться,1,False,1.0,26.3,never_mentioned,0
Свой-то,1,False,1.0,44.2,never_mentioned,0
Воу-воу,1,False,1.0,15.2,never_mentioned,0
Рассердиться,1,False,1.0,44.3,never_mentioned,0
Тёмно-коричневый,1,False,1.0,37.6,never_mentioned,0
Вауа,1,True,1.0,37.2,never_mentioned,0
Хелли,1,True,1.0,2.0,never_mentioned,0
Живучий,1,False,1.0,32.7,never_mentioned,0
Возбудиться,1,False,1.0,26.3,never_mentioned,0
Белёсый,1,False,1.0,30.6,never_mentioned,0
Терикс,1,False,1.0,26.3,never_mentioned,0
Экономически,1,False,1.0,30.7,never_mentioned,0
Несерьёзно,1,False,1.0,30.8,never_mentioned,0
Вестфольд,1,True,1.0,31.3,never_mentioned,0
Пепетан,1,False,1.0,44.0,never_mentioned,0
Отчисляться,1,False,1.0,26.3,never_mentioned,0
Бахт,1,False,1.0,31.3,never_mentioned,0
Нееет,1,False,1.0,26.2,mentioned_not_guessed,1
Арк-мэн,1,True,1.0,26.2,never_mentioned,0
Мелькарта,1,False,1.0,31.7,never_mentioned,0
Бранд,1,True,1.0,32.0,never_mentioned,0
Ктический,1,False,1.0,26.1,never_mentioned,0
Грэмми,1,False,1.0,32.1,never_mentioned,0
Сколько-сколько,1,False,1.0,32.1,never_mentioned,0
Сероглазый,1,False,1.0,32.2,never_mentioned,0
Амфмпха,1,False,1.0,32.3,never_mentioned,0
Маня,1,True,1.0,26.1,never_mentioned,0
Пельмовый,1,False,1.0,44.0,never_mentioned,0
Пиглатский,1,False,1.0,44.0,never_mentioned,0
Так-так,1,False,1.0,46.7,never_mentioned,0
Ревнитель,1,False,1.0,43.0,never_mentioned,0
Фавн-лисица,1,False,1.0,46.8,never_mentioned,0
Коттам,1,False,1.0,14.8,never_mentioned,0
Мистраль-ямагат,1,False,1.0,15.1,never_mentioned,0
Бёккагард-хуанди,1,True,1.0,15.1,never_mentioned,0
Лунг,1,False,1.0,43.2,mentioned_not_guessed,1
Бетти,1,False,1.0,17.6,never_mentioned,0
Обескуражить,1,False,1.0,17.4,never_mentioned,0
Кууууурлааааа,1,False,1.0,17.4,never_mentioned,0
Сноровистый,1,False,1.0,17.1,never_mentioned,0
Кха-кх,1,False,1.0,16.9,never_mentioned,0
Бомбический,1,False,1.0,16.8,never_mentioned,0
Рукопашник,1,False,1.0,16.8,never_mentioned,0
Отчитать,1,False,1.0,16.6,never_mentioned,0
Дава,1,True,1.0,43.7,never_mentioned,0
Воанергес,1,True,1.0,43.1,never_mentioned,0
Невдомёк,1,False,1.0,16.1,never_mentioned,0
Прокл,1,True,1.0,16.0,never_mentioned,0
Тайян,1,True,1.0,43.2,never_mentioned,0
Гримм-паразит,1,False,1.0,43.3,never_mentioned,0
Недотр,1,False,1.0,44.4,never_mentioned,0
Зеуса,1,False,1.0,43.3,never_mentioned,0
Блэкмоном,1,False,1.0,43.3,never_mentioned,0
Росби,1,True,1.0,43.3,never_mentioned,0
Гнутх,1,False,1.0,43.3,never_mentioned,0
Аурной,1,True,0.2,43.6,never_mentioned,0
Производственный,1,False,1.0,15.8,never_mentioned,0
Фуян,1,True,1.0,61.1,never_mentioned,0
Эверест,1,False,1.0,2.4,never_mentioned,0
Коленопреклонённый,1,False,1.0,61.3,never_mentioned,0
Сосиндёр,1,False,1.0,55.3,mentioned_not_guessed,1
Ахахаххах,1,True,1.0,47.0,never_mentioned,0
Флора,1,False,1.0,47.0,never_mentioned,0
Даа,1,False,1.0,47.2,never_mentioned,0
Шейдом,1,False,1.0,47.4,never_mentioned,0
Вздор,1,False,1.0,12.7,never_mentioned,0
Берингель-горилла,1,False,1.0,12.6,never_mentioned,0
Зима-попрыгунья,1,False,1.0,12.3,never_mentioned,0
Филин,1,False,1.0,48.1,never_mentioned,0
Грокс,1,False,1.0,48.1,never_mentioned,0
Уберштейн,1,True,1.0,48.3,never_mentioned,0
Бао,1,False,1.0,11.2,never_mentioned,0
Поколебаться,1,False,1.0,12.0,never_mentioned,0
Мантлом,1,False,1.0,48.7,never_mentioned,0
Король-разбойник,1,False,1.0,48.8,never_mentioned,0
Расправить,1,False,1.0,48.8,never_mentioned,0
Короле-что,1,False,1.0,48.8,never_mentioned,0
Кляйн,1,False,1.0,48.9,never_mentioned,0
Взаперти,1,False,1.0,48.9,never_mentioned,0
Простудиться,1,False,1.0,12.0,never_mentioned,0
Фейра,1,True,1.0,49.0,never_mentioned,0
Светло-синий,1,False,1.0,11.8,never_mentioned,0
Нервишки,1,False,1.0,11.7,never_mentioned,0
Уилла,1,True,1.0,49.1,mentioned_not_guessed,1
Фамильярно,1,False,1.0,11.5,never_mentioned,0
Бугар,1,False,1.0,51.6,never_mentioned,0
Ройсом,1,False,1.0,51.6,never_mentioned,0
Ротериум,1,False,1.0,9.9,never_mentioned,0
Ахахахахха,1,False,1.0,47.0,never_mentioned,0
Лицо-маска,1,False,1.0,12.7,never_mentioned,0
Гриммоша,1,False,1.0,47.0,never_mentioned,0
Баба-думс,1,False,1.0,51.0,never_mentioned,0
Валльског,1,False,1.0,10.2,never_mentioned,0
Арконовый,1,False,1.0,50.4,never_mentioned,0
Колизей,1,False,1.0,50.5,never_mentioned,0
Вырву-ваш,1,False,1.0,50.5,never_mentioned,0
Кишки-взгляд,1,False,1.0,50.5,never_mentioned,0
Отказал-двенадцать,1,False,1.0,50.5,never_mentioned,0
Ещё-живой,1,False,1.0,50.6,never_mentioned,0
Собираюсь-стать,1,False,1.0,50.6,never_mentioned,0
Этой-академия,1,False,1.0,50.6,never_mentioned,0
Ярко-алый,1,False,1.0,50.8,never_mentioned,0
Кхэма,1,True,0.5,50.9,never_mentioned,0
Сороковой,1,False,1.0,51.0,never_mentioned,0
Бланш,1,False,1.0,51.0,never_mentioned,0
Дамиена,1,False,1.0,47.0,never_mentioned,0
Бурно,1,False,1.0,51.0,never_mentioned,0
Провыть,1,False,1.0,51.1,never_mentioned,0
Айя,1,True,1.0,10.0,never_mentioned,0
Калумба,1,False,1.0,51.2,never_mentioned,0
Транспортироваться,1,False,1.0,51.4,never_mentioned,0
Фертула,1,False,1.0,51.4,never_mentioned,0
Рол,1,False,1.0,51.4,never_mentioned,0
Девяносто-миллиметровый,1,False,1.0,9.9,never_mentioned,0
Годжо,1,True,1.0,10.8,never_mentioned,0
Добавка,1,False,1.0,49.3,never_mentioned,0
Оцепенелый,1,False,1.0,49.2,never_mentioned,0
Грэмм,1,True,1.0,12.0,never_mentioned,0
Маркнол,1,False,1.0,56.3,never_mentioned,0
Эмеральда,1,True,1.0,55.3,mentioned_not_guessed,1
Арбитр,1,False,1.0,50.2,never_mentioned,0
Эсдес,1,True,1.0,55.3,never_mentioned,0
Проинструктировать,1,False,1.0,51.7,never_mentioned,0
Истерично,1,False,1.0,51.7,never_mentioned,0
Гримм-грендель,1,True,1.0,9.8,never_mentioned,0
Расхищать,1,False,1.0,51.7,never_mentioned,0
Гримм-беовульфа,1,True,1.0,9.8,never_mentioned,0
Блейном,1,False,1.0,51.9,never_mentioned,0
Женщина-фавн,1,False,1.0,52.5,never_mentioned,0
Фавн-манул,1,False,1.0,52.5,never_mentioned,0
Ред,1,False,1.0,52.8,never_mentioned,0
Скрол,1,False,1.0,52.8,never_mentioned,0
Марсельеза,1,False,1.0,53.1,never_mentioned,0
Амбер,1,False,1.0,53.3,never_mentioned,0
Майкоп,1,False,1.0,9.6,never_mentioned,0
Лицожуй,1,False,1.0,55.0,never_mentioned,0
Фиксация,1,False,1.0,9.5,never_mentioned,0
Спрячься,1,False,1.0,9.4,never_mentioned,0
Там-то,1,False,1.0,9.3,never_mentioned,0
Северо-запад,1,False,1.0,9.3,never_mentioned,0
Спасительница,1,False,1.0,53.7,never_mentioned,0
Взволнованно,1,False,1.0,9.2,never_mentioned,0
Дедушка-лорд,1,False,1.0,53.9,never_mentioned,0
Нодами-тянин,1,False,1.0,8.8,never_mentioned,0
Вверху,1,False,1.0,8.7,never_mentioned,0
Сыпануть,1,False,1.0,8.3,never_mentioned,0
Гийом,1,False,1.0,54.2,mentioned_not_guessed,1
Юэджи,1,True,0.07,8.1,never_mentioned,0
Подгадать,1,False,1.0,54.4,never_mentioned,0
Езжать,1,False,1.0,51.7,never_mentioned,0
Чечня,1,False,1.0,9.6,mentioned_not_guessed,1
Блейн,1,True,1.0,51.6,never_mentioned,0
Хонг,1,False,1.0,56.5,never_mentioned,0
Акама,1,False,1.0,55.3,never_mentioned,0
Вжухнуть,1,False,1.0,55.3,never_mentioned,0
Подмастерье,1,False,1.0,7.6,never_mentioned,0
Футарк,1,False,1.0,55.3,never_mentioned,0
Кентебрийский,1,False,1.0,55.5,never_mentioned,0
Социолог,1,False,1.0,55.6,never_mentioned,0
Студент-четверокурсник,1,False,1.0,55.8,never_mentioned,0
Мсехома,1,True,1.0,55.8,never_mentioned,0
Чаёк,1,False,1.0,55.8,never_mentioned,0
Полуготовый,1,False,1.0,7.5,never_mentioned,0
Руж,1,False,1.0,56.5,never_mentioned,0
Ая,1,True,1.0,7.9,never_mentioned,0
Захра,1,False,1.0,56.5,never_mentioned,0
Велено,1,False,1.0,7.9,never_mentioned,0
Кукушка-кукушка,1,False,1.0,56.6,never_mentioned,0
Жозефина,1,True,1.0,57.0,never_mentioned,0
Гвинерв,1,False,1.0,57.1,never_mentioned,0
Гримм-барбатаска,1,True,1.0,57.1,never_mentioned,0
Ловец,1,False,1.0,7.0,never_mentioned,0
Три-брат,1,False,1.0,57.1,never_mentioned,0
Авгульфингский,1,False,1.0,57.2,never_mentioned,0
Хромой,1,False,1.0,57.4,never_mentioned,0
Вы-то,1,False,1.0,57.4,never_mentioned,0
Взгромоздиться,1,False,1.0,57.7,never_mentioned,0
Поэтому-то,1,False,1.0,6.9,never_mentioned,0
Владетель,1,False,1.0,55.1,never_mentioned,0
Всего-ничего,1,False,1.0,50.2,never_mentioned,0
Гитлер,1,True,1.0,49.8,mentioned_not_guessed,1
Йэл,1,False,1.0,61.3,never_mentioned,0
Долбанутым,1,False,1.0,65.0,never_mentioned,0
Ахахаах,1,True,1.0,58.7,never_mentioned,0
Флэшинга,1,True,1.0,6.3,never_mentioned,0
Полоскаться,1,False,1.0,59.6,never_mentioned,0
Кхорн,1,False,1.0,58.7,never_mentioned,0
Боярка,1,False,1.0,58.7,never_mentioned,0
Японский,1,False,1.0,58.7,mentioned_not_guessed,1
Исекать,1,False,1.0,58.7,never_mentioned,0
Китайский,1,False,1.0,58.7,never_mentioned,0
Культиваторщина,1,False,1.0,58.7,never_mentioned,0
Уазик,1,False,1.0,58.8,never_mentioned,0
Бутылочный,1,False,1.0,59.0,never_mentioned,0
Любезно-холодный,1,False,1.0,59.2,never_mentioned,0
Почитай,1,False,1.0,59.3,never_mentioned,0
Мистраль-тайм,1,False,1.0,6.0,never_mentioned,0
Допизделиться,1,False,1.0,59.3,never_mentioned,0
Они-то,1,False,1.0,59.4,never_mentioned,0
Подстрахователь,1,False,1.0,4.3,never_mentioned,0
Отблескивать,1,False,1.0,63.5,never_mentioned,0
Бунд,1,False,1.0,47.0,never_mentioned,0
Вернал,1,True,1.0,63.5,never_mentioned,0
Завтра-послезавтра,1,False,1.0,3.7,never_mentioned,0
Русый,1,False,1.0,64.0,mentioned_not_guessed,2
Рыжик,1,False,1.0,64.1,never_mentioned,0
Лавандоить,1,False,1.0,3.2,never_mentioned,0
Старьё,1,False,1.0,64.4,never_mentioned,0
Арифметика,1,False,1.0,3.0,never_mentioned,0
Серебристо-белый,1,False,1.0,64.8,never_mentioned,0
Ты-то,1,False,1.0,58.7,never_mentioned,0
Напридумать,1,False,1.0,58.6,never_mentioned,0
Тьфу,1,False,1.0,58.6,mentioned_not_guessed,1
Молох,1,False,1.0,62.5,never_mentioned,0
Звездоносный,1,False,1.0,61.3,never_mentioned,0
Специфически,1,False,1.0,5.0,never_mentioned,0
Хижина,1,False,1.0,61.3,never_mentioned,0
Типично,1,False,1.0,4.9,never_mentioned,0
Впалый,1,False,1.0,4.9,never_mentioned,0
Кхх,1,False,1.0,4.9,never_mentioned,0
Унизительно,1,False,1.0,4.6,never_mentioned,0
Алай,1,True,0.25,61.8,never_mentioned,0
Обессиленный,1,False,1.0,4.6,never_mentioned,0
Пылкий,1,False,1.0,4.4,never_mentioned,0
Полустёртый,1,False,1.0,62.3,never_mentioned,0
Мистика,1,False,1.0,62.5,never_mentioned,0
Монструозный,1,False,1.0,62.6,never_mentioned,0
Соболезновать,1,False,1.0,6.4,never_mentioned,0
Парень-фавн,1,False,1.0,5.9,never_mentioned,0
Возопить,1,False,1.0,59.7,never_mentioned,0
Ремнант-географик,1,False,1.0,5.9,never_mentioned,0
Эхх,1,False,1.0,58.7,never_mentioned,0
Аахахаххах,1,True,1.0,58.2,never_mentioned,0
Хахахахи,1,False,1.0,58.2,never_mentioned,0
Кто-кто,1,False,1.0,58.2,never_mentioned,0
Вжууа,1,True,1.0,6.6,never_mentioned,0
Подобиё,1,False,1.0,58.3,never_mentioned,0
Чёрныш,1,False,1.0,58.4,never_mentioned,0
Исполнимый,1,False,1.0,58.5,never_mentioned,0
Денёк,1,False,1.0,6.5,never_mentioned,0
Обоюдоострый,1,False,1.0,2.9,never_mentioned,0
Ууу,1,False,1.0,27.2,mentioned_not_guessed,1
Эммм,1,False,1.0,49.8,never_mentioned,0
Вякнуть,1,False,1.0,2.5,never_mentioned,0
Раскрой,1,False,1.0,63.6,never_mentioned,0
Сидр,1,False,1.0,63.7,never_mentioned,0
Поднебесный,1,False,1.0,3.9,never_mentioned,0
Левство,1,False,1.0,63.8,never_mentioned,0
Эмперия,1,True,1.0,63.8,never_mentioned,0
Алоишка,1,False,1.0,63.8,never_mentioned,0
Пол-кёнунгарда,1,True,1.0,63.9,never_mentioned,0
Анимэшный,1,False,1.0,63.8,never_mentioned,0
Мужыками,1,True,1.0,63.8,never_mentioned,0
Мантлишек,1,False,1.0,63.8,never_mentioned,0
Секач,1,False,1.0,63.8,never_mentioned,0
Специальность,1,False,1.0,63.8,never_mentioned,0
Морлан,1,False,1.0,63.8,never_mentioned,0
Шароёбство,1,False,1.0,63.8,never_mentioned,0
Эпик,1,False,1.0,63.8,never_mentioned,0
Наёмничий,1,False,1.0,63.8,never_mentioned,0
Невъебенный,1,False,1.0,63.8,never_mentioned,0
Китай,1,False,1.0,3.9,mentioned_not_guessed,2
Абьян,1,True,1.0,63.9,never_mentioned,0
Папочка-охотник,1,False,1.0,63.9,never_mentioned,0
Тёмно-зелёный,1,False,1.0,6.7,never_mentioned,0
Неисчислимый,1,False,1.0,58.1,never_mentioned,0
Базилик,1,False,1.0,6.7,never_mentioned,0
Ничтожество,1,False,1.0,57.9,never_mentioned,0
Обломиться,1,False,1.0,49.5,never_mentioned,0
Отрезвитель,1,False,1.0,10.4,never_mentioned,0
Лав,1,True,1.0,49.6,never_mentioned,0
Мистралец,1,False,1.0,3.9,never_mentioned,0
Спизженный,1,False,1.0,63.6,never_mentioned,0
Пертурабо,1,True,1.0,63.6,never_mentioned,0
Робенц,1,False,1.0,66.3,never_mentioned,0
Нуу,1,False,1.0,2.4,mentioned_not_guessed,1
Хехех,1,True,0.5,20.9,never_mentioned,0
Дагорлада,1,True,1.0,65.3,mentioned_not_guessed,2
Держать-ка,1,False,1.0,65.4,never_mentioned,0
Растяпа,1,False,1.0,65.5,never_mentioned,0
Антипод,1,False,1.0,65.6,never_mentioned,0
Мешковатый,1,False,1.0,65.9,never_mentioned,0
Возрождать,1,False,1.0,66.0,never_mentioned,0
Нкал,1,False,1.0,66.1,mentioned_not_guessed,1
Гримм-краб,1,True,1.0,66.1,never_mentioned,0
Глазоед,1,False,1.0,66.1,never_mentioned,0
Давным-давно,1,False,1.0,66.2,never_mentioned,0
Франция,1,False,1.0,2.0,mentioned_not_guessed,1
Инцест,1,False,1.0,63.6,never_mentioned,0
Луркоморье,1,False,1.0,66.4,never_mentioned,0
Дик,1,True,0.5,66.4,mentioned_not_guessed,1
Гэдээровец,1,False,1.0,66.4,never_mentioned,0
Германия,1,False,1.0,66.4,mentioned_not_guessed,1
Гриммовский,1,False,1.0,64.0,never_mentioned,0
Кёнунгард-аквапарк,1,True,1.0,63.9,never_mentioned,0
Затопление,1,False,1.0,63.9,never_mentioned,0
Аргусовщина,1,False,1.0,63.8,never_mentioned,0
Вика,1,False,1.0,63.5,never_mentioned,0
Девичество,1,False,1.0,63.5,never_mentioned,0
Активизировать,1,False,1.0,4.2,never_mentioned,0
Прага,1,False,1.0,63.6,never_mentioned,0
Десять-пятнадцать,1,False,1.0,40.9,never_mentioned,0
Бравада,1,False,1.0,87.9,never_mentioned,0
Приуныть,1,False,1.0,41.1,never_mentioned,0
Неспокойный,1,False,1.0,72.6,never_mentioned,0
Гундабад,1,True,1.0,0.9,never_mentioned,0
Гримм-оса,1,True,1.0,75.3,never_mentioned,0
Феррумский,1,False,1.0,75.4,never_mentioned,0
Продаксить,1,False,1.0,75.6,never_mentioned,0
Перволюд,1,False,1.0,75.6,never_mentioned,0
Гримм-кролик,1,True,1.0,75.6,never_mentioned,0
Сванна,1,False,1.0,75.6,never_mentioned,0
Крамохол,1,False,1.0,75.7,never_mentioned,0
Крахомор,1,False,1.0,75.7,never_mentioned,0
Скоргуса,1,False,1.0,75.7,never_mentioned,0
Румянеть,1,False,1.0,75.7,never_mentioned,0
Светоч,1,False,1.0,75.8,never_mentioned,0
Бофор,1,False,1.0,74.2,never_mentioned,0
Щёлк,1,False,1.0,73.5,never_mentioned,0
Миядзавыть,1,False,1.0,71.6,never_mentioned,0
Пришествие,1,False,1.0,73.4,never_mentioned,0
Аргос,1,False,1.0,71.8,never_mentioned,0
Рай,1,False,1.0,72.0,mentioned_not_guessed,4
Шотландия,1,False,1.0,72.2,mentioned_not_guessed,1
Англия,1,False,1.0,72.2,never_mentioned,0
Макдональд,1,True,1.0,72.2,never_mentioned,0
Секс-террорист,1,False,1.0,72.2,never_mentioned,0
Кенунградский,1,False,1.0,1.1,never_mentioned,0
Блоссом,1,False,1.0,72.3,never_mentioned,0
Бэта,1,True,1.0,72.3,never_mentioned,0
Бэтом,1,True,1.0,72.3,never_mentioned,0
Старикан,1,False,1.0,72.6,never_mentioned,0
Сверхострый,1,False,1.0,75.3,never_mentioned,0
Угольно-чёрный,1,False,1.0,75.3,never_mentioned,0
Мел,1,True,0.5,75.1,never_mentioned,0
Прива,1,True,1.0,68.8,never_mentioned,0
Ваууа,1,True,1.0,67.8,never_mentioned,0
Бьянка,1,True,1.0,1.6,never_mentioned,0
Ленинград,1,False,1.0,1.6,never_mentioned,0
Мечосека,1,False,1.0,68.3,never_mentioned,0
Скоординировать,1,False,1.0,68.4,never_mentioned,0
Лестничный,1,False,1.0,1.5,never_mentioned,0
Гримм-волк,1,True,1.0,1.5,never_mentioned,0
Фууууа,1,True,1.0,68.5,never_mentioned,0
Вдохновенно,1,False,1.0,68.6,never_mentioned,0
Дзюйжэнь,1,False,1.0,68.7,never_mentioned,0
Нифгчего,1,False,1.0,68.7,never_mentioned,0
Вейл-мистраль,1,False,1.0,68.8,never_mentioned,0
Виоллета,1,False,1.0,70.9,never_mentioned,0
Хромота,1,False,1.0,75.1,never_mentioned,0
Гиз,1,False,1.0,70.9,never_mentioned,0
Охрененно,1,False,1.0,71.0,never_mentioned,0
Зачинщик,1,False,1.0,73.6,never_mentioned,0
Кореландор,1,True,1.0,74.3,never_mentioned,0
Сатирический,1,False,1.0,74.3,never_mentioned,0
Петиция,1,False,1.0,74.3,never_mentioned,0
Гритч,1,False,1.0,81.9,never_mentioned,0
Иго,1,False,1.0,74.3,never_mentioned,0
Маркнолл,1,False,1.0,0.9,never_mentioned,0
Морис,1,True,1.0,74.6,never_mentioned,0
Дрюон,1,True,1.0,74.6,never_mentioned,0
Фэя,1,False,1.0,75.0,never_mentioned,0
Перефразировать,1,False,1.0,72.6,never_mentioned,0
Дрейка,1,False,1.0,72.6,never_mentioned,0
Высокоуважаемый,1,False,1.0,67.7,never_mentioned,0
Лагуна,1,False,1.0,72.7,never_mentioned,0
Слейт,1,False,1.0,95.2,never_mentioned,0
Талоса,1,False,1.0,95.2,never_mentioned,0
Дудометр,1,False,1.0,95.6,never_mentioned,0
Гриммовед,1,False,1.0,95.6,never_mentioned,0
Ремнатскай,1,False,1.0,95.8,never_mentioned,0
Фархад,1,True,1.0,95.9,mentioned_not_guessed,4
Нибира,1,False,1.0,95.9,never_mentioned,0
Атлантида,1,False,1.0,95.9,never_mentioned,0
Вель,1,False,1.0,96.0,never_mentioned,0
Родж,1,False,1.0,96.1,never_mentioned,0
Переезжать,1,False,1.0,96.1,never_mentioned,0
Дюрановый,1,False,1.0,96.3,mentioned_not_guessed,3
Батрак,1,False,1.0,96.3,never_mentioned,0
Кульминация,1,False,1.0,93.8,never_mentioned,0
Попеременно,1,False,1.0,93.7,never_mentioned,0
Бронза,1,False,1.0,93.6,never_mentioned,0
Избраный,1,False,1.0,92.2,never_mentioned,0
Сейберов,1,True,1.0,91.1,never_mentioned,0
Тэрикс,1,True,1.0,91.1,never_mentioned,0
Сенитавр,1,False,1.0,91.1,never_mentioned,0
Обрадованно,1,False,1.0,91.1,never_mentioned,0
Пшка,1,False,1.0,91.4,never_mentioned,0
Настоящие,1,False,1.0,91.7,never_mentioned,0
Кое-кто,1,False,1.0,91.7,never_mentioned,0
Раставить,1,False,1.0,91.7,never_mentioned,0
Город-улей,1,False,1.0,91.7,never_mentioned,0
Железноногов,1,True,1.0,91.7,never_mentioned,0
Талосый,1,False,1.0,95.2,never_mentioned,0
Лорд-командующий,1,False,1.0,95.1,never_mentioned,0
Принц-воин,1,False,1.0,95.1,never_mentioned,0
Козлоподобный,1,False,1.0,81.9,never_mentioned,0
Блеквэлла,1,True,1.0,72.7,never_mentioned,0
Обыскивать,1,False,1.0,72.8,never_mentioned,0
Сегмантат,1,False,1.0,72.9,never_mentioned,0
Бессмыслёный,1,False,1.0,73.0,never_mentioned,0
Сольтерийский,1,False,1.0,1.0,never_mentioned,0
Ломаю-спина,1,False,1.0,73.1,never_mentioned,0
Собираюсь-сняться,1,False,1.0,73.1,never_mentioned,0
Ричард,1,True,1.0,73.1,never_mentioned,0
Субботний,1,False,1.0,73.1,never_mentioned,0
Арк-рыцарь,1,True,1.0,73.2,never_mentioned,0
Сов-гримм,1,True,1.0,81.9,never_mentioned,0
Пфф,1,False,1.0,82.9,never_mentioned,0
Скарлатин,1,True,1.0,96.4,never_mentioned,0
Плутократия,1,False,1.0,95.1,never_mentioned,0
Взаимно,1,False,1.0,94.1,never_mentioned,0
Пиздануть,1,False,1.0,94.2,never_mentioned,0
Нога-манипулятор,1,False,1.0,94.3,never_mentioned,0
Дешёво,1,False,1.0,94.5,never_mentioned,0
Ромулан-легио,1,False,1.0,94.7,never_mentioned,0
Пенната,1,True,1.0,94.7,never_mentioned,0
Судиться,1,False,1.0,94.8,never_mentioned,0
Соно,1,False,1.0,94.8,never_mentioned,0
Вар,1,False,1.0,94.8,never_mentioned,0
Коррекция,1,False,1.0,95.0,never_mentioned,0
Хохотун,1,False,1.0,95.0,never_mentioned,0
Алекситимия,1,False,1.0,95.1,never_mentioned,0
Спец-опрос,1,False,1.0,1.6,never_mentioned,0
Разоритель,1,False,1.0,67.7,never_mentioned,0
Пьетро,1,True,1.0,42.9,mentioned_not_guessed,3
Коленопреклонный,1,False,1.0,0.8,never_mentioned,0
Манда,1,True,1.0,76.9,never_mentioned,0
Мейбл,1,False,1.0,0.7,never_mentioned,0
Аудиокнига,1,False,1.0,81.6,never_mentioned,0
Статусный,1,False,1.0,79.1,never_mentioned,0
Наружи,1,False,1.0,80.2,never_mentioned,0
Вербовка,1,False,1.0,80.6,never_mentioned,0
Фордж,1,False,1.0,78.3,never_mentioned,0
Здар,1,False,1.0,79.5,never_mentioned,0
Обшарпаный,1,False,1.0,78.0,never_mentioned,0
Винегрет,1,False,1.0,78.0,never_mentioned,0
Ганнибал,1,True,1.0,79.5,never_mentioned,0
Регну,1,False,1.0,79.4,never_mentioned,0
Флаера,1,True,0.5,78.2,never_mentioned,0
Неа,1,False,1.0,79.4,mentioned_not_guessed,2
Безвольный,1,False,1.0,79.3,never_mentioned,0
Редакция,1,False,1.0,78.3,mentioned_not_guessed,1
Брат-близнец,1,False,1.0,0.7,never_mentioned,0
Трунить,1,False,1.0,79.2,never_mentioned,0
Ласточка,1,False,1.0,78.6,never_mentioned,0
Парадокс,1,False,1.0,79.2,never_mentioned,0
Пятерица,1,False,1.0,79.1,never_mentioned,0
Амьенскай,1,False,1.0,78.6,mentioned_not_guessed,2
Непостижимо,1,False,1.0,78.7,mentioned_not_guessed,1
Скоргус,1,False,1.0,0.8,never_mentioned,0
Постареть,1,False,1.0,79.0,never_mentioned,0
Сказ,1,False,1.0,78.0,never_mentioned,0
Гриммотизм,1,False,1.0,78.0,never_mentioned,0
Значит-ся,1,True,1.0,81.4,never_mentioned,0
Родственник-охотник,1,False,1.0,76.5,never_mentioned,0
Зеркальность,1,False,1.0,76.4,never_mentioned,0
Оз,1,False,1.0,80.9,mentioned_not_guessed,11
Десятичасовой,1,False,1.0,77.2,never_mentioned,0
Лорд-регент,1,False,1.0,77.2,never_mentioned,0
Соновар,1,False,1.0,77.2,mentioned_not_guessed,2
Грэм,1,True,1.0,81.2,never_mentioned,0
Концепт,1,False,1.0,76.1,never_mentioned,0
Пигга,1,True,1.0,81.2,never_mentioned,0
Четырёхминутный,1,False,1.0,77.2,never_mentioned,0
Гримм-титан,1,True,1.0,81.8,never_mentioned,0
Ёбнутаить,1,False,1.0,76.1,never_mentioned,0
Эво,1,False,1.0,77.3,never_mentioned,0
Стометровый,1,False,1.0,81.8,never_mentioned,0
Мохнатый,1,False,1.0,81.7,never_mentioned,0
Моргана,1,False,1.0,81.4,never_mentioned,0
Биконовский,1,False,1.0,81.4,never_mentioned,0
Арковщина,1,False,1.0,81.6,never_mentioned,0
Кэмпбэлла,1,True,1.0,77.0,never_mentioned,0
Сноходец,1,False,1.0,0.7,never_mentioned,0
Офигенный,1,False,1.0,76.2,never_mentioned,0
Вархаммер,1,False,1.0,76.2,never_mentioned,0
Норовщина,1,False,1.0,81.6,never_mentioned,0
Мурлыкнуть,1,False,1.0,81.6,never_mentioned,0
Учить-то,1,False,1.0,81.4,never_mentioned,0
Абсолютлить,1,False,1.0,76.3,never_mentioned,0
Она-то,1,False,1.0,76.3,never_mentioned,0
Прововедник,1,False,1.0,0.8,never_mentioned,0
Валлентштейн,1,True,1.0,81.4,never_mentioned,0
Канцлер,1,False,1.0,77.9,never_mentioned,0
Гха-ха,1,False,1.0,80.5,never_mentioned,0
Яндекс,1,False,1.0,67.7,never_mentioned,0
Даб,1,False,1.0,80.4,never_mentioned,0
Классно,1,False,1.0,69.6,never_mentioned,0
Карликовый,1,False,1.0,69.7,never_mentioned,0
Хеметь,1,False,1.0,75.8,never_mentioned,0
Гордость-то,1,False,1.0,69.9,never_mentioned,0
Карман-то,1,False,1.0,69.9,never_mentioned,0
Позорище-то,1,False,1.0,69.9,never_mentioned,0
Сказать-ка,1,False,1.0,70.3,mentioned_not_guessed,1
Некрополь,1,False,1.0,70.4,mentioned_not_guessed,1
Пятёрица,1,False,1.0,1.2,mentioned_not_guessed,1
Соблазнительница,1,False,1.0,1.2,never_mentioned,0
Черчилль,1,True,1.0,70.6,mentioned_not_guessed,1
Добряяяяк,1,False,1.0,70.7,never_mentioned,0
Сэцукий,1,False,1.0,70.8,never_mentioned,0
Джиро,1,False,1.0,70.8,never_mentioned,0
Дедуля,1,False,1.0,70.9,never_mentioned,0
Беспристрастный,1,False,1.0,69.0,never_mentioned,0
Фавн-югенд,1,False,1.0,69.0,never_mentioned,0
Лунозвёздный,1,False,1.0,69.0,never_mentioned,0
Фуууа,1,True,1.0,68.8,never_mentioned,0
Кое-как,1,False,1.0,66.7,never_mentioned,0
Инкогнито,1,False,1.0,67.0,never_mentioned,0
Директор-предатель,1,False,1.0,67.4,never_mentioned,0
Клятвопреступник,1,False,1.0,67.5,never_mentioned,0
Хлой,1,False,1.0,1.8,never_mentioned,0
Имбовой,1,False,1.0,67.7,never_mentioned,0
Воскресный,1,False,1.0,1.7,never_mentioned,0
Ютубчик,1,True,1.0,67.7,never_mentioned,0
Гримм-кракен,1,True,1.0,69.5,never_mentioned,0
Чжан,1,True,1.0,69.3,never_mentioned,0
Елизар,1,True,1.0,69.1,never_mentioned,0
Король-что,1,False,1.0,0.7,never_mentioned,0
Дживан,1,True,1.0,77.4,never_mentioned,0
Истеричка,1,False,1.0,77.5,never_mentioned,0
Тринадцатый,1,False,1.0,77.6,never_mentioned,0
Риддлом,1,False,1.0,80.3,never_mentioned,0
Иввета,1,True,1.0,0.7,never_mentioned,0
Холостяк,1,False,1.0,77.9,never_mentioned,0
Лог,1,False,1.0,80.1,never_mentioned,0
Доба,1,False,1.0,80.1,never_mentioned,0
Весёленький,1,False,1.0,80.1,never_mentioned,0
Юлить,1,False,1.0,80.1,never_mentioned,0
Погодить-ка,1,False,1.0,80.1,never_mentioned,0
Скоропостижно,1,False,1.0,79.9,never_mentioned,0
Ретро-паладин,1,False,1.0,77.9,never_mentioned,0
Михаил,1,True,1.0,69.1,mentioned_not_guessed,1
Доминатус,1,False,1.0,77.9,never_mentioned,0
Коса-винтовка,1,False,1.0,27.2,never_mentioned,0
Тургусов,1,True,0.09,74.3,never_mentioned,0
Шварц,1,True,1.0,75.8,never_mentioned,0
Близнец-самурай,1,False,1.0,1.3,never_mentioned,0
Аркович,1,False,1.0,69.0,mentioned_not_guessed,1
Пиздануться,1,False,1.0,69.0,never_mentioned,0
Оклематься,1,False,1.0,69.0,never_mentioned,0
Виталист-рудеист,1,False,1.0,69.0,never_mentioned,0
Король-дурак,1,False,1.0,69.0,never_mentioned,0
Валим,1,True,0.33,69.0,never_mentioned,0
Оркскай,1,False,1.0,69.1,never_mentioned,0
Нихуяс,1,False,1.0,91.9,never_mentioned,0
Плоскодонка,1,False,1.0,92.1,never_mentioned,0
Несмерть,1,False,1.0,92.2,never_mentioned,0
Продекламировать,1,False,1.0,86.0,never_mentioned,0
Диана-ветус,1,True,1.0,88.5,never_mentioned,0
Обряжить,1,False,1.0,88.5,never_mentioned,0
Бай,1,False,1.0,88.5,never_mentioned,0
Дзян,1,True,1.0,88.6,never_mentioned,0
Регне,1,False,1.0,88.6,never_mentioned,0
Пыль-бомба,1,False,1.0,88.6,never_mentioned,0
Югирэ,1,False,1.0,88.6,never_mentioned,0
Небожитель,1,False,1.0,88.8,never_mentioned,0
Рубс,1,False,1.0,89.0,never_mentioned,0
Макет,1,False,1.0,89.0,never_mentioned,0
Юнхей,1,True,0.5,89.3,never_mentioned,0
Возглашать,1,False,1.0,87.9,never_mentioned,0
Журналистка,1,False,1.0,89.8,never_mentioned,0
Дугин,1,True,1.0,89.9,mentioned_not_guessed,1
Ковчег,1,False,1.0,89.9,never_mentioned,0
Элохой,1,False,1.0,89.9,never_mentioned,0
Иудаизм,1,False,1.0,89.9,never_mentioned,0
Славяно-арийский,1,False,1.0,90.0,never_mentioned,0
Веда,1,False,1.0,90.0,never_mentioned,0
Муз-пересказ,1,False,1.0,90.0,never_mentioned,0
Ктулху,1,True,1.0,90.0,never_mentioned,0
Римско-китайский,1,False,1.0,90.0,never_mentioned,0
Исскуство,1,False,1.0,0.4,never_mentioned,0
Намазать,1,False,1.0,90.3,never_mentioned,0
Врё,1,False,1.0,90.5,never_mentioned,0
Вымыть,1,False,1.0,87.8,never_mentioned,0
Высказывать,1,False,1.0,85.9,never_mentioned,0
Кэнтон,1,False,1.0,88.5,never_mentioned,0
Гуркулом,1,False,1.0,88.5,never_mentioned,0
Тысячеголосый,1,False,1.0,88.2,never_mentioned,0
Рудеть,1,False,1.0,82.7,never_mentioned,0
Висп,1,False,1.0,82.2,never_mentioned,0
Гренделить,1,False,1.0,82.2,mentioned_not_guessed,1
Давать-давать,1,False,1.0,82.2,never_mentioned,0
Запевать,1,False,1.0,82.3,never_mentioned,0
Кале,1,False,1.0,82.3,never_mentioned,0
Настоящий-то,1,False,1.0,82.3,never_mentioned,0
Забелелисить,1,False,1.0,82.4,never_mentioned,0
Сплетник,1,False,1.0,0.6,never_mentioned,0
Пугач,1,False,1.0,82.6,never_mentioned,0
Аполлон,1,True,1.0,83.3,never_mentioned,0
Толстяк,1,False,1.0,82.6,never_mentioned,0
Слушать-ка,1,False,1.0,82.6,never_mentioned,0
Фальшиво-укоризненно,1,False,1.0,82.8,never_mentioned,0
Надрываться,1,False,1.0,89.3,never_mentioned,0
Полярность,1,False,1.0,0.6,never_mentioned,0
Этот-то,1,False,1.0,82.9,never_mentioned,0
Раскомандоваться,1,False,1.0,66.4,never_mentioned,0
Хорнбург,1,True,1.0,82.9,never_mentioned,0
Ваагха,1,True,1.0,82.9,never_mentioned,0
Кольбен,1,True,0.17,83.0,never_mentioned,0
Андрей,1,True,1.0,83.3,never_mentioned,0
Драга,1,False,1.0,83.3,never_mentioned,0
Академеть,1,False,1.0,0.6,never_mentioned,0
Кэндзи-сан,1,False,1.0,85.7,never_mentioned,0
Загорелый,1,False,1.0,85.8,never_mentioned,0
Как-нибудь,1,False,1.0,85.8,never_mentioned,0
Амелия,1,False,1.0,86.8,never_mentioned,0
Старик-то,1,False,1.0,86.0,never_mentioned,0
Капсула,1,False,1.0,92.2,never_mentioned,0
Гусем,1,False,1.0,86.0,never_mentioned,0
Добывание,1,False,1.0,20.4,never_mentioned,0
Землетрясение,1,False,1.0,20.3,never_mentioned,0
Кораблекрушение,1,False,1.0,20.3,never_mentioned,0
Глазастый,1,False,1.0,41.4,never_mentioned,0
Импровизация,1,False,1.0,20.2,never_mentioned,0
Ловкач,1,False,1.0,20.1,never_mentioned,0
Протяжно,1,False,1.0,41.5,never_mentioned,0
Бог-близнец,1,False,1.0,41.7,never_mentioned,0
Поцеловаться,1,False,1.0,20.0,never_mentioned,0
Нхе,1,False,1.0,41.9,never_mentioned,0
Балбес,1,False,1.0,19.8,never_mentioned,0
Солнцепоклонник,1,False,1.0,19.7,never_mentioned,0
Шуточно,1,False,1.0,19.3,never_mentioned,0
Разговорчик,1,False,1.0,19.2,never_mentioned,0
Унижать,1,False,1.0,19.1,never_mentioned,0
Нецелесообразный,1,False,1.0,42.2,never_mentioned,0
Воттсом,1,False,1.0,42.2,never_mentioned,0
Задумчиво-скучать,1,False,1.0,18.9,never_mentioned,0
Мегаголиаф,1,False,1.0,18.9,never_mentioned,0
Гримм-черепаха,1,False,1.0,18.9,never_mentioned,0
Жонни-лидер,1,True,1.0,18.4,never_mentioned,0
Кууууурлааа,1,False,1.0,18.4,never_mentioned,0
Зафыркать,1,False,1.0,18.2,never_mentioned,0
Максим,1,True,1.0,17.9,mentioned_not_guessed,2
Волков,1,True,0.2,42.7,never_mentioned,0
Аяяяяять,1,False,1.0,17.9,never_mentioned,0
Сытость,1,False,1.0,42.8,never_mentioned,0
Фавн-медуза,1,False,1.0,20.7,never_mentioned,0
Воттс,1,True,1.0,42.9,never_mentioned,0
Партийный,1,False,1.0,66.4,never_mentioned,0
Пенейт,1,False,1.0,87.0,never_mentioned,0
Знать-знать,1,False,1.0,86.2,mentioned_not_guessed,1
Вэя,1,False,1.0,86.3,never_mentioned,0
Баллиста,1,False,1.0,86.4,never_mentioned,0
Регны,1,False,1.0,86.4,never_mentioned,0
Виртуса,1,False,1.0,86.4,never_mentioned,0
Легионер-эвокат,1,False,1.0,86.5,never_mentioned,0
Цзиньпинь,1,False,1.0,86.6,never_mentioned,0
Каннибал,1,False,1.0,86.7,never_mentioned,0
Гирка,1,False,1.0,86.7,never_mentioned,0
Ленц,1,True,1.0,0.5,never_mentioned,0
Исключительность,1,False,1.0,86.9,never_mentioned,0
Спиздиля,1,True,0.5,87.7,mentioned_not_guessed,1
Джеймс,1,True,1.0,0.5,mentioned_not_guessed,1
Илан,1,True,1.0,2.5,never_mentioned,0
Уцлцть,1,False,1.0,87.1,never_mentioned,0
Равцть,1,False,1.0,87.1,never_mentioned,0
Йсуб,1,False,1.0,87.1,never_mentioned,0
Сосисочный,1,False,1.0,87.2,never_mentioned,0
Кондей,1,False,1.0,87.2,never_mentioned,0
Вак,1,False,1.0,87.3,mentioned_not_guessed,1
Безопасник,1,True,1.0,87.6,never_mentioned,0
Шрамировать,1,False,1.0,87.6,never_mentioned,0
Изнеженный,1,False,1.0,87.6,never_mentioned,0
Фть,1,False,1.0,87.6,never_mentioned,0
Резчик,1,False,1.0,87.7,never_mentioned,0
Индифферентный,1,False,1.0,66.6,never_mentioned,0
Зимовать,1,False,1.0,82.1,never_mentioned,0
Мауголь,1,False,1.0,82.1,never_mentioned,0
Анти-орда,1,False,1.0,82.1,never_mentioned,0
Нолан,1,False,1.0,82.0,never_mentioned,0
Отравитель,1,False,1.0,99.3,never_mentioned,0
Экарлета,1,True,1.0,99.4,never_mentioned,0
Милль,1,False,1.0,99.5,never_mentioned,0
Пока-пока,1,False,1.0,99.5,never_mentioned,0
Вакуанка-жена,1,True,1.0,99.5,never_mentioned,0
Карла,1,True,1.0,99.6,never_mentioned,0
Подпольный,1,False,1.0,99.6,mentioned_not_guessed,1
Секка,1,True,1.0,99.7,never_mentioned,0
Зимородок,1,False,1.0,99.7,never_mentioned,0
Кацид,1,False,1.0,99.7,never_mentioned,0
Осипший,1,False,1.0,99.7,never_mentioned,0
Пролистывать,1,False,1.0,99.8,never_mentioned,0
Виоллетта,1,True,1.0,99.9,never_mentioned,0
Шармочка,1,False,1.0,99.9,never_mentioned,0
Меркохуюрий,1,True,1.0,99.9,never_mentioned,0
Аурник,1,False,1.0,99.9,never_mentioned,0
Темнить,1,False,1.0,99.9,never_mentioned,0
Эдриан,1,True,1.0,98.3,never_mentioned,0
Бери-бери,1,False,1.0,98.3,never_mentioned,0
Шанталь,1,True,1.0,98.2,never_mentioned,0
Роанна,1,True,1.0,97.3,mentioned_not_guessed,1
Зверёк,1,False,1.0,96.7,never_mentioned,0
Сине-белый,1,False,1.0,96.8,never_mentioned,0
Мастеровой,1,False,1.0,96.8,never_mentioned,0
Фурри,1,False,1.0,96.9,never_mentioned,0
Архар,1,False,1.0,97.1,never_mentioned,0
Дяденька,1,False,1.0,97.1,never_mentioned,0
Безутешный,1,False,1.0,99.1,never_mentioned,0
Ауро-пользователь,1,True,1.0,98.8,never_mentioned,0
Блэкома,1,False,1.0,98.7,mentioned_not_guessed,1
Гримм-грифон,1,True,1.0,93.3,never_mentioned,0
Накрутить,1,False,1.0,93.6,never_mentioned,0
Мигрировать,1,False,1.0,92.4,never_mentioned,0
Религиозно,1,False,1.0,92.5,never_mentioned,0
Карамбир,1,False,1.0,92.5,never_mentioned,0
Джу,1,True,1.0,0.4,never_mentioned,0
Гримм-кит,1,True,1.0,92.5,never_mentioned,0
Стальнояйцевой,1,False,1.0,92.7,never_mentioned,0
Стерлинг,1,False,1.0,92.9,never_mentioned,0
Обзаводиться,1,False,1.0,92.9,never_mentioned,0
Гретель,1,True,1.0,93.0,mentioned_not_guessed,1
Ауксилия,1,True,0.5,93.3,never_mentioned,0
Погонщик,1,False,1.0,93.3,never_mentioned,0
Визора,1,True,0.06,93.4,never_mentioned,0
Хронология,1,False,1.0,0.0,never_mentioned,0
Крысолов,1,False,1.0,96.4,never_mentioned,0
Чудный,1,False,1.0,96.5,never_mentioned,0
Прыгучий,1,False,1.0,81.9,never_mentioned,0
Ночка,1,False,1.0,96.6,never_mentioned,0
Привет-привет,1,False,1.0,98.4,never_mentioned,0
Сломаный,1,False,1.0,98.5,never_mentioned,0
Девятнацать,1,False,1.0,98.5,never_mentioned,0
Ангульф,1,True,1.0,0.1,never_mentioned,0
Добегаться,1,False,1.0,98.5,never_mentioned,0
Курносый,1,False,1.0,98.5,never_mentioned,0
Вследствие,1,False,1.0,0.1,never_mentioned,0
Диспетчер,1,False,1.0,98.7,never_mentioned,0
Гримм-барбатаск,1,True,1.0,0.3,never_mentioned,0
Пожурить,1,False,1.0,97.2,never_mentioned,0
Броский,1,False,1.0,97.2,never_mentioned,0
Паукообразный,1,False,1.0,85.0,never_mentioned,0
Доигрывать,1,False,1.0,84.0,never_mentioned,0
Мстительно,1,False,1.0,84.1,never_mentioned,0
Йоу,1,False,1.0,84.3,never_mentioned,0
Безрукий,1,False,1.0,84.3,never_mentioned,0
Предводительница,1,False,1.0,84.3,never_mentioned,0
Серцеед,1,False,1.0,84.4,never_mentioned,0
Садистка-медсестра,1,False,1.0,84.6,never_mentioned,0
Каштановолосый,1,False,1.0,84.7,never_mentioned,0
Берсеркёр,1,False,1.0,84.7,never_mentioned,0
Яр,1,False,1.0,84.8,never_mentioned,0
Берсерк,1,False,1.0,84.8,never_mentioned,0
Хольдхарт,1,False,1.0,84.9,never_mentioned,0
Кибербезопасность,1,False,1.0,85.0,never_mentioned,0
Крит,1,False,1.0,83.8,mentioned_not_guessed,1
Арквили,1,True,1.0,85.1,never_mentioned,0
Гартополь,1,False,1.0,85.1,never_mentioned,0
Скарра,1,False,1.0,85.1,never_mentioned,0
Интерфейс,1,False,1.0,85.3,never_mentioned,0
Симпотизировать,1,False,1.0,85.4,never_mentioned,0
Тормунд,1,True,1.0,85.5,never_mentioned,0
Уоттс,1,True,1.0,85.5,mentioned_not_guessed,1
Фэнтезийный,1,False,1.0,83.3,never_mentioned,0
Переигрывать,1,False,1.0,83.3,never_mentioned,0
Майк,1,True,1.0,83.3,never_mentioned,0
Чёртов,1,False,1.0,82.6,never_mentioned,0
Пиздуть,1,False,1.0,81.9,never_mentioned,0
Куба,1,False,1.0,84.0,mentioned_not_guessed,2
Следовательно,1,False,1.0,83.8,mentioned_not_guessed,1
Чтиво,1,False,1.0,97.2,never_mentioned,0
Детожор,1,False,1.0,97.6,never_mentioned,0
Реваншист,1,False,1.0,97.2,never_mentioned,0
Кёнунградский,1,False,1.0,97.2,never_mentioned,0
Вальдемар,1,True,1.0,97.2,never_mentioned,0
Королём-что,1,False,1.0,97.3,never_mentioned,0
Дело-то,1,False,1.0,98.1,never_mentioned,0
Схерали,1,True,0.5,97.4,never_mentioned,0
Финансировать,1,False,1.0,0.2,never_mentioned,0
Гриммофобия,1,False,1.0,97.5,never_mentioned,0
Роевой,1,False,1.0,97.6,never_mentioned,0
Гримм-паук,1,False,1.0,97.6,never_mentioned,0
Гримм-скарабей,1,False,1.0,97.6,never_mentioned,0
Гримм-таракан,1,False,1.0,97.6,never_mentioned,0
Хрома,1,False,1.0,0.2,never_mentioned,0
Ввернуть,1,False,1.0,83.6,never_mentioned,0
Хронист,1,False,1.0,0.2,never_mentioned,0
Файра,1,False,1.0,97.7,never_mentioned,0
Фактический,1,False,1.0,0.1,never_mentioned,0
Чей-то,1,False,1.0,97.9,never_mentioned,0
Оооо,1,False,1.0,90.9,never_mentioned,0
Торн,1,False,1.0,0.4,never_mentioned,0
Хилый,1,False,1.0,90.7,never_mentioned,0
Ник,1,True,1.0,90.6,mentioned_not_guessed,1
Соблазнять,1,False,1.0,83.4,never_mentioned,0
Сотворение,1,False,1.0,83.4,never_mentioned,0
Пивнышко,1,False,1.0,83.4,never_mentioned,0
Преподаватели-персонал,1,False,1.0,0.5,never_mentioned,0
Сокращённо,1,False,1.0,29.8,never_mentioned,0
